date,region,category,value
2015-01-03,Central,Office Supplies,16.448
2015-01-04,Central,Office Supplies,288.06
2015-01-05,East,Office Supplies,19.536
2015-01-06,South,Furniture,2573.82
2015-01-06,South,Office Supplies,665.9
2015-01-06,South,Technology,1147.94
2015-01-06,West,Office Supplies,19.44
2015-01-07,Central,Furniture,76.728
2015-01-07,Central,Office Supplies,10.43
2015-01-09,Central,Office Supplies,9.344
2015-01-09,Central,Technology,31.2
2015-01-10,South,Furniture,51.94
2015-01-10,South,Office Supplies,2.89
2015-01-11,East,Furniture,9.94
2015-01-13,West,Office Supplies,1345.75
2015-01-13,South,Technology,646.74
2015-01-13,West,Furniture,333.999
2015-01-13,South,Furniture,545.94
2015-01-13,South,Office Supplies,640.52
2015-01-13,East,Office Supplies,40.846000000000004
2015-01-14,East,Furniture,61.96
2015-01-15,South,Technology,149.95
2015-01-16,East,Furniture,127.104
2015-01-16,East,Office Supplies,48.66
2015-01-16,East,Technology,124.2
2015-01-18,West,Office Supplies,64.864
2015-01-19,West,Office Supplies,197.124
2015-01-19,West,Furniture,181.47
2015-01-20,Central,Furniture,287.67
2015-01-20,Central,Office Supplies,420.946
2015-01-20,South,Furniture,1106.54
2015-01-20,South,Office Supplies,120.124
2015-01-20,South,Technology,699.93
2015-01-20,West,Furniture,19.3
2015-01-20,West,Office Supplies,19.36
2015-01-23,West,Office Supplies,40.08
2015-01-26,South,Technology,343.33
2015-01-26,South,Office Supplies,526.04
2015-01-26,South,Furniture,75.24
2015-01-26,Central,Office Supplies,10.68
2015-01-26,Central,Furniture,141.96
2015-01-27,West,Furniture,333.0
2015-01-27,West,Office Supplies,93.66999999999999
2015-01-28,East,Office Supplies,3.928
2015-01-30,Central,Office Supplies,240.5
2015-01-31,West,Furniture,290.666
2015-02-01,Central,Technology,468.9
2015-02-02,West,Office Supplies,12.35
2015-02-02,South,Office Supplies,18.336
2015-02-02,South,Technology,180.96
2015-02-03,West,Office Supplies,97.11200000000001
2015-02-04,West,Office Supplies,134.38400000000001
2015-02-06,Central,Office Supplies,8.952
2015-02-06,South,Office Supplies,15.0
2015-02-06,South,Technology,306.56
2015-02-07,East,Office Supplies,64.96
2015-02-07,East,Technology,115.36
2015-02-08,West,Furniture,14.56
2015-02-11,Central,Furniture,393.83
2015-02-11,Central,Office Supplies,141.44
2015-02-11,South,Furniture,1256.22
2015-02-11,South,Office Supplies,17.46
2015-02-11,South,Technology,234.45
2015-02-12,West,Furniture,129.568
2015-02-14,Central,Office Supplies,16.176
2015-02-14,West,Office Supplies,320.58
2015-02-14,West,Technology,239.97
2015-02-15,West,Office Supplies,21.36
2015-02-16,Central,Office Supplies,9.04
2015-02-17,Central,Office Supplies,54.208
2015-02-18,Central,Furniture,25.16
2015-02-18,Central,Office Supplies,12.624
2015-02-20,Central,Furniture,20.32
2015-02-20,Central,Technology,62.31
2015-02-20,West,Office Supplies,12.96
2015-02-21,Central,Office Supplies,8.85
2015-02-22,West,Office Supplies,19.44
2015-02-23,Central,Office Supplies,11.364
2015-02-24,West,Office Supplies,55.672
2015-02-27,East,Office Supplies,19.456
2015-03-01,Central,Furniture,1436.4270000000001
2015-03-01,Central,Office Supplies,303.216
2015-03-01,East,Technology,5.94
2015-03-01,West,Furniture,457.568
2015-03-02,East,Office Supplies,47.76
2015-03-03,West,Furniture,626.352
2015-03-03,South,Office Supplies,19.456
2015-03-03,East,Technology,9.99
2015-03-03,East,Furniture,302.45
2015-03-03,Central,Office Supplies,176.772
2015-03-03,East,Office Supplies,210.872
2015-03-04,South,Office Supplies,370.452
2015-03-05,East,Office Supplies,225.59199999999998
2015-03-05,East,Technology,479.97
2015-03-07,West,Furniture,966.9839999999999
2015-03-07,West,Office Supplies,594.078
2015-03-10,Central,Office Supplies,22.38
2015-03-10,West,Office Supplies,719.576
2015-03-11,West,Office Supplies,7.98
2015-03-11,South,Technology,620.9300000000001
2015-03-11,East,Furniture,8.32
2015-03-11,East,Office Supplies,119.384
2015-03-11,South,Office Supplies,161.7
2015-03-14,Central,Office Supplies,8.448
2015-03-14,Central,Technology,574.91
2015-03-14,South,Furniture,1139.92
2015-03-14,South,Office Supplies,91.056
2015-03-14,West,Office Supplies,211.416
2015-03-14,West,Technology,82.8
2015-03-15,South,Office Supplies,325.086
2015-03-15,South,Furniture,45.696
2015-03-16,South,Technology,471.92
2015-03-17,Central,Office Supplies,275.104
2015-03-17,East,Furniture,3265.23
2015-03-17,East,Office Supplies,316.524
2015-03-17,South,Office Supplies,103.5
2015-03-18,West,Technology,1279.968
2015-03-18,West,Office Supplies,1856.19
2015-03-18,West,Furniture,1309.33
2015-03-18,South,Furniture,153.12
2015-03-18,South,Office Supplies,48.328
2015-03-18,South,Technology,23459.78
2015-03-19,South,Furniture,25.008
2015-03-19,South,Office Supplies,71.538
2015-03-19,South,Technology,494.216
2015-03-21,East,Office Supplies,13.456
2015-03-21,South,Furniture,251.328
2015-03-21,South,Office Supplies,345.102
2015-03-21,South,Technology,3499.93
2015-03-22,Central,Office Supplies,16.28
2015-03-22,South,Office Supplies,59.109
2015-03-22,West,Furniture,314.352
2015-03-22,West,Office Supplies,74.352
2015-03-23,South,Office Supplies,9.912
2015-03-23,West,Office Supplies,330.4
2015-03-23,West,Technology,604.752
2015-03-24,West,Furniture,40.48
2015-03-24,East,Office Supplies,24.9
2015-03-25,East,Furniture,366.786
2015-03-25,West,Office Supplies,46.879999999999995
2015-03-25,West,Technology,45.48
2015-03-26,West,Office Supplies,50.046
2015-03-26,West,Technology,95.084
2015-03-28,West,Technology,302.376
2015-03-28,Central,Furniture,1184.72
2015-03-28,Central,Office Supplies,6.12
2015-03-29,Central,Furniture,890.841
2015-03-30,Central,Furniture,127.302
2015-03-30,Central,Office Supplies,465.02000000000004
2015-03-30,Central,Technology,251.944
2015-03-30,East,Office Supplies,60.15
2015-03-30,West,Furniture,205.666
2015-03-30,West,Office Supplies,60.239999999999995
2015-03-31,West,Office Supplies,726.548
2015-03-31,South,Furniture,1125.488
2015-03-31,South,Office Supplies,18.546
2015-03-31,Central,Technology,79.984
2015-03-31,Central,Office Supplies,8.134
2015-03-31,East,Office Supplies,0.852
2015-04-01,East,Office Supplies,73.19999999999999
2015-04-01,West,Office Supplies,46.688
2015-04-02,Central,Office Supplies,60.208
2015-04-02,South,Furniture,177.68
2015-04-02,South,Office Supplies,170.74
2015-04-02,South,Technology,1049.93
2015-04-04,West,Office Supplies,26.084
2015-04-04,South,Technology,99.98
2015-04-04,South,Office Supplies,264.95
2015-04-04,Central,Office Supplies,79.36
2015-04-04,Central,Furniture,5.47
2015-04-05,Central,Office Supplies,872.3380000000001
2015-04-05,East,Office Supplies,55.48
2015-04-05,South,Office Supplies,4222.93
2015-04-05,South,Technology,28.99
2015-04-06,West,Technology,333.87
2015-04-06,West,Office Supplies,211.438
2015-04-06,West,Furniture,778.6199999999999
2015-04-06,East,Technology,116.784
2015-04-06,East,Office Supplies,55.214
2015-04-06,East,Furniture,154.764
2015-04-07,South,Furniture,8.96
2015-04-07,South,Office Supplies,181.29
2015-04-07,South,Technology,830.9200000000001
2015-04-08,East,Furniture,172.11
2015-04-08,South,Furniture,1215.92
2015-04-08,West,Furniture,99.592
2015-04-08,West,Office Supplies,71.168
2015-04-08,West,Technology,399.96
2015-04-11,Central,Technology,758.352
2015-04-11,South,Office Supplies,17.28
2015-04-11,South,Technology,719.9200000000001
2015-04-11,West,Office Supplies,96.664
2015-04-11,West,Technology,323.024
2015-04-12,West,Technology,1513.456
2015-04-12,West,Office Supplies,18.088
2015-04-12,West,Furniture,308.499
2015-04-12,Central,Office Supplies,32.4
2015-04-13,East,Technology,71.928
2015-04-13,East,Office Supplies,566.648
2015-04-15,West,Furniture,187.76
2015-04-15,West,Office Supplies,106.96
2015-04-16,South,Office Supplies,39.072
2015-04-18,West,Technology,287.968
2015-04-18,Central,Technology,227.976
2015-04-18,West,Office Supplies,35.489999999999995
2015-04-18,Central,Furniture,317.058
2015-04-18,Central,Office Supplies,152.04
2015-04-19,West,Furniture,76.14
2015-04-19,South,Office Supplies,129.32999999999998
2015-04-20,Central,Furniture,1145.69
2015-04-20,Central,Office Supplies,44.84
2015-04-20,West,Furniture,59.92
2015-04-21,South,Office Supplies,828.84
2015-04-21,West,Office Supplies,16.52
2015-04-22,East,Office Supplies,257.752
2015-04-23,West,Office Supplies,48.91
2015-04-23,East,Furniture,585.08
2015-04-23,East,Office Supplies,9.99
2015-04-25,Central,Office Supplies,16.608
2015-04-25,South,Technology,302.376
2015-04-25,West,Furniture,1790.29
2015-04-25,West,Office Supplies,270.72
2015-04-26,West,Furniture,230.28
2015-04-26,West,Office Supplies,52.288
2015-04-28,West,Technology,1679.96
2015-04-28,East,Office Supplies,738.5360000000001
2015-04-28,East,Technology,159.98
2015-04-29,East,Furniture,17.46
2015-04-29,East,Technology,19.98
2015-04-29,South,Furniture,613.544
2015-04-29,South,Office Supplies,117.86
2015-04-30,South,Office Supplies,1000.95
2015-04-30,South,Technology,47.79
2015-05-02,South,Technology,479.984
2015-05-02,East,Office Supplies,26.136
2015-05-03,East,Office Supplies,51.072
2015-05-03,Central,Office Supplies,21.56
2015-05-04,Central,Office Supplies,90.112
2015-05-04,East,Furniture,27.46
2015-05-04,West,Furniture,12.18
2015-05-04,West,Office Supplies,57.68
2015-05-05,Central,Furniture,127.869
2015-05-05,Central,Office Supplies,45.248
2015-05-05,South,Office Supplies,87.86
2015-05-06,West,Office Supplies,254.456
2015-05-07,East,Office Supplies,24.78
2015-05-07,East,Furniture,1066.5700000000002
2015-05-08,East,Technology,1799.97
2015-05-09,South,Office Supplies,158.70999999999998
2015-05-09,West,Technology,235.76999999999998
2015-05-10,East,Furniture,349.965
2015-05-10,East,Office Supplies,22.32
2015-05-10,West,Furniture,256.784
2015-05-10,West,Office Supplies,239.13
2015-05-10,West,Technology,1475.6
2015-05-11,East,Office Supplies,35.91
2015-05-11,Central,Technology,205.768
2015-05-11,Central,Office Supplies,122.05199999999999
2015-05-11,Central,Furniture,1279.0720000000001
2015-05-12,Central,Furniture,34.79
2015-05-12,East,Furniture,700.056
2015-05-13,South,Office Supplies,405.45599999999996
2015-05-13,West,Furniture,279.456
2015-05-13,West,Office Supplies,63.5
2015-05-13,West,Technology,149.97
2015-05-14,South,Furniture,310.88
2015-05-16,West,Technology,56.4
2015-05-16,West,Furniture,232.88
2015-05-17,Central,Office Supplies,91.68
2015-05-18,East,Furniture,149.232
2015-05-18,East,Office Supplies,15.936
2015-05-18,East,Technology,779.796
2015-05-19,Central,Office Supplies,57.42
2015-05-19,South,Office Supplies,34.2
2015-05-20,East,Office Supplies,71.80000000000001
2015-05-20,East,Furniture,139.86
2015-05-20,Central,Technology,20.784
2015-05-20,Central,Office Supplies,77.32799999999999
2015-05-20,Central,Furniture,10.332
2015-05-21,Central,Furniture,107.772
2015-05-21,Central,Office Supplies,79.136
2015-05-21,East,Office Supplies,711.6800000000001
2015-05-21,South,Office Supplies,2715.93
2015-05-21,South,Technology,617.97
2015-05-21,West,Office Supplies,31.84
2015-05-22,South,Technology,180.93
2015-05-23,East,Office Supplies,255.61
2015-05-23,East,Technology,55.188
2015-05-23,West,Office Supplies,12.96
2015-05-24,East,Office Supplies,116.28
2015-05-25,Central,Furniture,29.32
2015-05-25,Central,Office Supplies,75.6
2015-05-25,East,Office Supplies,14.62
2015-05-26,West,Technology,285.568
2015-05-26,West,Furniture,515.962
2015-05-26,West,Office Supplies,48.4
2015-05-26,Central,Furniture,359.772
2015-05-26,Central,Office Supplies,116.01599999999999
2015-05-27,Central,Office Supplies,17.46
2015-05-27,West,Furniture,567.12
2015-05-27,West,Office Supplies,359.32
2015-05-27,West,Technology,1213.494
2015-05-28,West,Office Supplies,136.96
2015-05-28,West,Technology,85.00800000000001
2015-05-30,Central,Technology,719.976
2015-05-30,Central,Furniture,355.455
2015-05-30,East,Office Supplies,371.86199999999997
2015-05-30,East,Technology,464.0
2015-05-30,South,Office Supplies,13.62
2015-05-31,South,Technology,773.7
2015-06-01,South,Furniture,22.2
2015-06-01,East,Office Supplies,334.68
2015-06-01,South,Technology,881.93
2015-06-01,Central,Furniture,2001.86
2015-06-01,Central,Office Supplies,1947.85
2015-06-02,West,Furniture,73.32
2015-06-02,West,Office Supplies,59.808
2015-06-02,South,Office Supplies,365.5
2015-06-02,South,Technology,239.97
2015-06-03,Central,Office Supplies,15.28
2015-06-03,West,Furniture,515.88
2015-06-04,East,Furniture,424.48799999999994
2015-06-04,East,Office Supplies,31.784
2015-06-06,Central,Office Supplies,138.812
2015-06-06,East,Furniture,991.764
2015-06-06,East,Office Supplies,180.04400000000004
2015-06-06,South,Office Supplies,63.381
2015-06-07,Central,Furniture,268.935
2015-06-07,Central,Office Supplies,12.462
2015-06-08,East,Office Supplies,1745.3600000000001
2015-06-08,South,Furniture,170.352
2015-06-08,West,Furniture,585.552
2015-06-09,West,Technology,1818.576
2015-06-09,West,Furniture,1792.444
2015-06-09,West,Office Supplies,268.344
2015-06-09,Central,Technology,71.976
2015-06-09,South,Furniture,1441.3
2015-06-09,Central,Office Supplies,70.368
2015-06-10,Central,Office Supplies,491.55
2015-06-13,West,Office Supplies,14.52
2015-06-14,Central,Furniture,212.94
2015-06-15,Central,Furniture,897.862
2015-06-15,Central,Office Supplies,45.111999999999995
2015-06-16,East,Office Supplies,115.952
2015-06-16,Central,Furniture,647.84
2015-06-17,East,Technology,65.97
2015-06-17,West,Furniture,6.24
2015-06-17,West,Office Supplies,3284.2760000000003
2015-06-18,West,Technology,139.8
2015-06-20,Central,Furniture,193.0656
2015-06-20,Central,Office Supplies,1015.5
2015-06-20,Central,Technology,620.384
2015-06-21,West,Office Supplies,36.252
2015-06-21,South,Furniture,104.01
2015-06-21,South,Technology,284.82
2015-06-21,East,Office Supplies,182.828
2015-06-21,East,Technology,3458.709
2015-06-21,East,Furniture,3.984
2015-06-21,South,Office Supplies,36.84
2015-06-22,Central,Office Supplies,663.75
2015-06-22,East,Furniture,1023.9879999999999
2015-06-22,East,Technology,82.782
2015-06-22,West,Office Supplies,8.226
2015-06-22,West,Technology,196.752
2015-06-23,East,Technology,86.376
2015-06-23,South,Office Supplies,23.119999999999997
2015-06-24,West,Furniture,4.272
2015-06-25,West,Furniture,447.84
2015-06-25,West,Office Supplies,80.96000000000001
2015-06-25,West,Technology,263.96
2015-06-27,South,Furniture,85.98
2015-06-27,South,Office Supplies,306.2
2015-06-27,South,Technology,223.96
2015-06-28,East,Furniture,1228.465
2015-06-28,East,Office Supplies,411.246
2015-06-28,Central,Office Supplies,6.08
2015-06-29,East,Office Supplies,46.68
2015-06-30,Central,Office Supplies,52.480000000000004
2015-06-30,East,Office Supplies,344.056
2015-06-30,South,Office Supplies,310.688
2015-06-30,West,Office Supplies,32.4
2015-07-01,South,Office Supplies,5.184
2015-07-01,South,Technology,575.92
2015-07-01,West,Office Supplies,19.92
2015-07-02,East,Technology,73.98
2015-07-02,East,Office Supplies,5.58
2015-07-04,South,Office Supplies,37.44
2015-07-04,West,Office Supplies,209.96800000000002
2015-07-05,Central,Office Supplies,502.2
2015-07-05,South,Furniture,232.73600000000002
2015-07-05,South,Office Supplies,48.238
2015-07-05,South,Technology,479.97
2015-07-05,West,Office Supplies,180.96
2015-07-06,East,Technology,559.992
2015-07-06,West,Furniture,478.48
2015-07-07,East,Furniture,241.19400000000002
2015-07-08,West,Office Supplies,196.704
2015-07-08,West,Furniture,502.488
2015-07-08,East,Furniture,63.882
2015-07-09,Central,Office Supplies,24.72
2015-07-09,West,Furniture,119.833
2015-07-09,West,Office Supplies,120.968
2015-07-11,Central,Office Supplies,10.368
2015-07-11,Central,Technology,575.968
2015-07-11,East,Furniture,979.0500000000001
2015-07-11,East,Office Supplies,259.0
2015-07-11,East,Technology,197.97
2015-07-12,West,Technology,255.936
2015-07-12,West,Office Supplies,268.726
2015-07-12,West,Furniture,821.4879999999999
2015-07-12,Central,Furniture,512.358
2015-07-12,Central,Office Supplies,77.664
2015-07-12,Central,Technology,23.84
2015-07-13,West,Furniture,351.216
2015-07-14,East,Technology,37.482
2015-07-14,West,Office Supplies,55.92
2015-07-14,East,Office Supplies,99.004
2015-07-14,East,Furniture,31.984
2015-07-14,Central,Technology,38.272
2015-07-14,Central,Office Supplies,29.932
2015-07-15,Central,Office Supplies,6.54
2015-07-15,Central,Technology,2.97
2015-07-18,East,Office Supplies,13.904
2015-07-18,West,Furniture,259.136
2015-07-19,West,Office Supplies,6.096
2015-07-19,East,Technology,359.98
2015-07-19,East,Furniture,70.56
2015-07-19,East,Office Supplies,24.689999999999998
2015-07-20,Central,Furniture,998.112
2015-07-20,Central,Office Supplies,342.864
2015-07-20,East,Office Supplies,53.344
2015-07-20,West,Furniture,43.02
2015-07-20,West,Office Supplies,806.506
2015-07-20,West,Technology,41.94
2015-07-21,West,Office Supplies,99.2
2015-07-21,West,Furniture,1074.416
2015-07-21,Central,Technology,35.98
2015-07-21,Central,Office Supplies,93.956
2015-07-21,Central,Furniture,657.93
2015-07-22,Central,Office Supplies,26.632
2015-07-22,East,Office Supplies,5.96
2015-07-22,East,Technology,159.98
2015-07-22,West,Furniture,888.072
2015-07-22,West,Office Supplies,267.7
2015-07-23,East,Technology,99.98
2015-07-23,West,Office Supplies,58.1
2015-07-23,West,Technology,2455.1040000000003
2015-07-25,West,Furniture,77.92
2015-07-25,West,Office Supplies,8263.369999999999
2015-07-26,West,Furniture,808.362
2015-07-26,South,Office Supplies,162.89
2015-07-26,South,Furniture,93.59
2015-07-26,West,Technology,1194.884
2015-07-26,Central,Office Supplies,2331.636
2015-07-26,Central,Furniture,17.496
2015-07-26,Central,Technology,431.136
2015-07-27,East,Office Supplies,65.78
2015-07-27,West,Office Supplies,276.28
2015-07-27,West,Technology,238.0
2015-07-28,South,Furniture,129.888
2015-07-28,South,Office Supplies,63.264
2015-07-30,West,Furniture,1367.84
2015-08-01,West,Office Supplies,19.752
2015-08-01,South,Office Supplies,158.768
2015-08-01,South,Furniture,44.128
2015-08-01,East,Office Supplies,5.68
2015-08-02,Central,Office Supplies,865.08
2015-08-02,Central,Technology,21.2
2015-08-03,East,Office Supplies,163.62
2015-08-03,West,Furniture,218.75
2015-08-03,West,Office Supplies,95.624
2015-08-04,West,Office Supplies,1726.074
2015-08-04,East,Office Supplies,361.7
2015-08-04,East,Technology,255.42
2015-08-04,West,Technology,399.96
2015-08-05,West,Technology,16.36
2015-08-05,West,Office Supplies,193.66
2015-08-05,West,Furniture,340.144
2015-08-05,East,Furniture,1133.35
2015-08-05,East,Office Supplies,99.99
2015-08-05,East,Technology,135.99
2015-08-05,Central,Furniture,489.23
2015-08-06,East,Technology,199.98
2015-08-06,South,Technology,62.91
2015-08-08,West,Office Supplies,499.4
2015-08-08,West,Furniture,449.13599999999997
2015-08-08,South,Furniture,155.456
2015-08-08,West,Technology,1741.912
2015-08-08,Central,Office Supplies,205.875
2015-08-08,Central,Furniture,53.88
2015-08-08,Central,Technology,849.97
2015-08-09,South,Office Supplies,15.552
2015-08-09,South,Technology,178.384
2015-08-09,West,Office Supplies,2101.4130000000005
2015-08-09,West,Technology,1310.3359999999998
2015-08-11,East,Office Supplies,375.34
2015-08-11,West,Furniture,12.35
2015-08-11,West,Office Supplies,63.93
2015-08-12,West,Technology,806.336
2015-08-12,West,Furniture,85.44
2015-08-12,South,Technology,158.928
2015-08-12,South,Office Supplies,298.816
2015-08-12,East,Office Supplies,196.21
2015-08-15,Central,Office Supplies,30.96
2015-08-15,East,Office Supplies,62.94
2015-08-15,South,Office Supplies,243.60000000000002
2015-08-16,East,Furniture,853.092
2015-08-17,Central,Office Supplies,15.552
2015-08-17,South,Office Supplies,144.83
2015-08-17,South,Technology,339.96
2015-08-19,West,Office Supplies,69.456
2015-08-19,West,Furniture,289.24
2015-08-19,East,Office Supplies,96.67999999999999
2015-08-19,South,Furniture,638.82
2015-08-19,South,Office Supplies,344.91
2015-08-20,Central,Furniture,421.372
2015-08-20,South,Furniture,500.24
2015-08-20,South,Office Supplies,917.11
2015-08-22,South,Office Supplies,7.632
2015-08-22,East,Office Supplies,3.912
2015-08-22,Central,Office Supplies,11.56
2015-08-23,Central,Office Supplies,19.44
2015-08-23,East,Office Supplies,71.84
2015-08-23,West,Furniture,4.224
2015-08-23,West,Office Supplies,326.08000000000004
2015-08-23,West,Technology,143.64
2015-08-24,East,Furniture,13.28
2015-08-24,East,Office Supplies,12.672
2015-08-24,South,Office Supplies,25.5
2015-08-24,West,Office Supplies,8.288
2015-08-25,West,Technology,1103.0439999999999
2015-08-25,West,Office Supplies,74.76
2015-08-25,Central,Office Supplies,38.064
2015-08-25,East,Office Supplies,229.502
2015-08-25,West,Furniture,6.28
2015-08-26,East,Furniture,10.68
2015-08-26,East,Office Supplies,29.36
2015-08-26,East,Technology,149.97
2015-08-26,West,Technology,176.8
2015-08-27,West,Technology,213.48
2015-08-27,West,Office Supplies,31.28
2015-08-27,South,Furniture,1232.06
2015-08-27,South,Office Supplies,13.36
2015-08-27,South,Technology,579.95
2015-08-29,South,Furniture,174.0585
2015-08-29,South,Office Supplies,534.984
2015-08-29,West,Office Supplies,123.28
2015-08-30,East,Office Supplies,121.24
2015-08-31,West,Technology,92.52
2015-09-01,Central,Office Supplies,34.752
2015-09-01,East,Office Supplies,23.744
2015-09-01,East,Technology,357.0
2015-09-01,West,Office Supplies,53.94
2015-09-02,South,Office Supplies,1793.98
2015-09-02,Central,Technology,1275.63
2015-09-02,East,Furniture,70.71
2015-09-02,East,Office Supplies,113.83
2015-09-03,East,Office Supplies,14.4
2015-09-03,Central,Office Supplies,7.68
2015-09-05,East,Office Supplies,264.32
2015-09-05,South,Furniture,31.984
2015-09-06,West,Furniture,41.88
2015-09-06,West,Office Supplies,58.48
2015-09-07,Central,Furniture,1672.225
2015-09-07,Central,Office Supplies,454.452
2015-09-07,Central,Technology,348.314
2015-09-07,East,Furniture,42.368
2015-09-07,East,Office Supplies,64.784
2015-09-07,East,Technology,809.892
2015-09-07,West,Office Supplies,131.84
2015-09-08,West,Technology,49.98
2015-09-08,West,Office Supplies,879.848
2015-09-08,West,Furniture,975.92
2015-09-08,South,Office Supplies,45.0
2015-09-08,South,Technology,326.82
2015-09-08,East,Furniture,172.764
2015-09-08,East,Office Supplies,20.3
2015-09-08,Central,Technology,8303.928
2015-09-08,Central,Office Supplies,747.108
2015-09-08,Central,Furniture,2706.76
2015-09-09,East,Technology,200.21999999999997
2015-09-09,East,Office Supplies,1564.8579999999997
2015-09-09,South,Technology,1299.99
2015-09-09,Central,Office Supplies,114.496
2015-09-09,East,Furniture,864.024
2015-09-10,East,Furniture,254.9
2015-09-10,East,Office Supplies,81.92
2015-09-10,South,Office Supplies,9.64
2015-09-10,West,Furniture,1487.04
2015-09-10,West,Office Supplies,21.728
2015-09-11,West,Furniture,127.95
2015-09-12,East,Technology,69.99
2015-09-12,South,Technology,15.216
2015-09-12,East,Office Supplies,63.924
2015-09-12,South,Office Supplies,177.208
2015-09-12,Central,Technology,57.4
2015-09-12,Central,Office Supplies,695.0699999999999
2015-09-12,East,Furniture,3785.292
2015-09-12,Central,Furniture,40.56
2015-09-13,West,Technology,462.94
2015-09-13,West,Furniture,14.19
2015-09-13,South,Office Supplies,18.648
2015-09-13,West,Office Supplies,164.0
2015-09-13,East,Office Supplies,23.514
2015-09-13,Central,Furniture,340.116
2015-09-13,East,Technology,252.0
2015-09-14,Central,Furniture,9.96
2015-09-14,Central,Office Supplies,94.056
2015-09-14,East,Furniture,464.292
2015-09-14,East,Office Supplies,1174.8
2015-09-14,East,Technology,3104.92
2015-09-14,South,Furniture,155.52800000000002
2015-09-14,South,Office Supplies,20.16
2015-09-15,East,Furniture,118.49600000000001
2015-09-15,East,Office Supplies,14.94
2015-09-16,East,Office Supplies,33.552
2015-09-17,East,Office Supplies,5.892
2015-09-17,South,Office Supplies,4.624
2015-09-17,South,Technology,47.984
2015-09-17,West,Furniture,35.34
2015-09-17,West,Office Supplies,640.838
2015-09-17,West,Technology,85.845
2015-09-19,West,Office Supplies,105.35
2015-09-19,South,Technology,2624.985
2015-09-19,West,Furniture,73.915
2015-09-19,East,Furniture,887.103
2015-09-19,Central,Technology,5579.9400000000005
2015-09-19,South,Office Supplies,67.344
2015-09-20,Central,Furniture,1111.13
2015-09-20,Central,Technology,11.12
2015-09-20,East,Furniture,1960.5100000000002
2015-09-20,East,Office Supplies,106.16000000000001
2015-09-20,East,Technology,2039.8400000000001
2015-09-20,South,Office Supplies,2.816
2015-09-20,West,Office Supplies,104.392
2015-09-21,West,Technology,2286.338
2015-09-21,West,Office Supplies,211.3
2015-09-21,East,Office Supplies,104.76
2015-09-21,Central,Office Supplies,68.71000000000001
2015-09-21,Central,Furniture,8.544
2015-09-22,Central,Office Supplies,331.536
2015-09-22,East,Furniture,676.9680000000001
2015-09-22,East,Office Supplies,17.024
2015-09-22,South,Office Supplies,4.608
2015-09-22,West,Office Supplies,210.13
2015-09-23,West,Technology,83.984
2015-09-23,West,Furniture,435.999
2015-09-23,East,Office Supplies,242.164
2015-09-23,Central,Office Supplies,9900.19
2015-09-24,West,Office Supplies,211.96
2015-09-25,Central,Furniture,300.5328
2015-09-25,Central,Office Supplies,39.78
2015-09-25,West,Office Supplies,14.576
2015-09-26,West,Office Supplies,329.56
2015-09-26,West,Furniture,731.12
2015-09-26,East,Technology,3.152
2015-09-26,East,Furniture,21.184
2015-09-26,Central,Office Supplies,0.876
2015-09-26,East,Office Supplies,240.898
2015-09-27,East,Furniture,87.54
2015-09-27,West,Furniture,603.92
2015-09-27,West,Office Supplies,81.98
2015-09-28,South,Office Supplies,106.944
2015-09-28,East,Office Supplies,46.26
2015-09-28,South,Furniture,337.088
2015-09-29,West,Technology,686.32
2015-09-29,West,Office Supplies,895.178
2015-09-29,East,Furniture,593.808
2015-09-29,East,Office Supplies,3374.184
2015-09-29,West,Furniture,2559.58
2015-09-30,South,Office Supplies,84.768
2015-09-30,East,Furniture,15.24
2015-09-30,East,Office Supplies,844.348
2015-09-30,West,Office Supplies,43.176
2015-10-01,West,Office Supplies,4.71
2015-10-02,West,Technology,555.936
2015-10-02,West,Office Supplies,42.208
2015-10-03,Central,Furniture,290.055
2015-10-03,Central,Office Supplies,26.131999999999998
2015-10-03,East,Office Supplies,70.464
2015-10-03,East,Technology,142.488
2015-10-03,South,Office Supplies,67.75999999999999
2015-10-03,West,Furniture,265.784
2015-10-04,East,Furniture,589.41
2015-10-04,West,Office Supplies,139.338
2015-10-05,West,Technology,99.98
2015-10-05,East,Office Supplies,91.92
2015-10-06,Central,Office Supplies,401.7
2015-10-06,East,Office Supplies,83.92
2015-10-06,West,Technology,9.09
2015-10-07,Central,Office Supplies,107.44
2015-10-07,East,Furniture,129.92
2015-10-08,East,Office Supplies,123.92
2015-10-08,South,Technology,23.472
2015-10-09,West,Technology,15.992
2015-10-09,West,Office Supplies,144.6
2015-10-09,South,Office Supplies,88.768
2015-10-10,Central,Office Supplies,12.878
2015-10-10,Central,Technology,1475.896
2015-10-10,East,Office Supplies,18.264
2015-10-10,East,Technology,101.994
2015-10-10,West,Furniture,169.224
2015-10-10,West,Office Supplies,271.13
2015-10-11,West,Technology,345.0
2015-10-11,West,Office Supplies,39.56
2015-10-11,West,Furniture,497.038
2015-10-11,South,Furniture,8.92
2015-10-11,East,Office Supplies,483.336
2015-10-11,South,Office Supplies,7.31
2015-10-12,Central,Office Supplies,22.24
2015-10-12,West,Office Supplies,36.29
2015-10-13,West,Furniture,1298.55
2015-10-13,West,Technology,25.78
2015-10-13,South,Technology,22.96
2015-10-13,West,Office Supplies,225.44
2015-10-13,East,Office Supplies,26.692
2015-10-13,South,Office Supplies,366.78
2015-10-13,East,Furniture,245.98
2015-10-14,Central,Office Supplies,347.434
2015-10-14,Central,Technology,1999.96
2015-10-14,East,Furniture,1628.82
2015-10-14,East,Office Supplies,372.27
2015-10-14,East,Technology,177.0
2015-10-15,South,Furniture,15.384
2015-10-15,East,Furniture,183.372
2015-10-15,East,Office Supplies,7.968
2015-10-16,West,Office Supplies,14.352
2015-10-16,West,Technology,179.97
2015-10-17,Central,Furniture,5.312
2015-10-17,Central,Office Supplies,10.78
2015-10-17,Central,Technology,119.976
2015-10-18,West,Office Supplies,63.304
2015-10-18,South,Office Supplies,275.97
2015-10-18,South,Technology,1394.95
2015-10-18,East,Office Supplies,249.472
2015-10-18,South,Furniture,1151.22
2015-10-19,West,Office Supplies,201.97599999999997
2015-10-19,West,Technology,439.12800000000004
2015-10-20,Central,Office Supplies,754.1940000000001
2015-10-20,Central,Technology,319.968
2015-10-20,South,Furniture,328.59
2015-10-20,South,Office Supplies,98.352
2015-10-21,East,Office Supplies,121.792
2015-10-21,West,Office Supplies,36.36
2015-10-21,South,Office Supplies,197.54
2015-10-21,East,Furniture,409.59
2015-10-21,South,Furniture,591.32
2015-10-22,East,Furniture,93.888
2015-10-22,South,Furniture,129.92
2015-10-24,South,Office Supplies,22.218
2015-10-24,West,Office Supplies,34.272
2015-10-25,East,Technology,40.776
2015-10-25,East,Office Supplies,13.698
2015-10-25,West,Office Supplies,49.408
2015-10-26,West,Technology,383.96
2015-10-26,West,Furniture,63.92
2015-10-27,South,Office Supplies,22.32
2015-10-28,Central,Technology,257.98
2015-10-28,West,Furniture,616.998
2015-10-28,West,Office Supplies,635.604
2015-10-29,Central,Office Supplies,75.88
2015-10-29,Central,Technology,2737.9320000000002
2015-10-31,West,Technology,1067.83
2015-10-31,West,Office Supplies,609.674
2015-10-31,West,Furniture,146.352
2015-10-31,East,Office Supplies,93.49
2015-10-31,East,Furniture,3444.6800000000003
2015-11-01,Central,Office Supplies,15.696
2015-11-01,East,Furniture,31.68
2015-11-01,East,Office Supplies,778.0
2015-11-01,South,Office Supplies,140.76
2015-11-01,South,Technology,978.84
2015-11-01,West,Office Supplies,552.896
2015-11-01,West,Technology,2139.944
2015-11-02,East,Furniture,89.34
2015-11-02,West,Office Supplies,362.92
2015-11-02,West,Technology,141.11599999999999
2015-11-02,South,Technology,799.92
2015-11-02,Central,Technology,88.776
2015-11-02,East,Office Supplies,54.102000000000004
2015-11-02,East,Technology,590.196
2015-11-03,Central,Technology,89.97
2015-11-03,East,Office Supplies,360.496
2015-11-03,East,Technology,783.96
2015-11-03,South,Furniture,1355.388
2015-11-03,South,Office Supplies,187.629
2015-11-03,West,Office Supplies,6.72
2015-11-04,West,Office Supplies,44.316
2015-11-04,East,Furniture,135.882
2015-11-04,East,Office Supplies,95.634
2015-11-04,East,Technology,4627.92
2015-11-04,South,Office Supplies,66.616
2015-11-04,West,Furniture,609.068
2015-11-04,West,Technology,1114.3120000000001
2015-11-05,West,Furniture,20.04
2015-11-05,South,Technology,47.79
2015-11-05,South,Furniture,149.9
2015-11-05,East,Technology,109.976
2015-11-05,East,Office Supplies,1093.29
2015-11-05,East,Furniture,273.568
2015-11-07,Central,Furniture,683.144
2015-11-07,Central,Office Supplies,460.06600000000003
2015-11-07,East,Office Supplies,36.1
2015-11-07,West,Office Supplies,123.144
2015-11-08,West,Technology,333.576
2015-11-09,West,Technology,703.968
2015-11-09,West,Office Supplies,590.94
2015-11-09,West,Furniture,222.666
2015-11-09,East,Furniture,56.52
2015-11-10,Central,Furniture,563.94
2015-11-10,Central,Office Supplies,630.93
2015-11-10,West,Furniture,93.08000000000001
2015-11-10,West,Office Supplies,102.08000000000001
2015-11-10,West,Technology,612.526
2015-11-11,West,Technology,1238.042
2015-11-11,West,Office Supplies,2222.136
2015-11-11,East,Furniture,545.928
2015-11-11,West,Furniture,716.568
2015-11-11,Central,Office Supplies,1915.72
2015-11-11,Central,Furniture,808.928
2015-11-11,Central,Technology,389.65599999999995
2015-11-12,Central,Furniture,67.9932
2015-11-12,Central,Office Supplies,105.24799999999999
2015-11-12,Central,Technology,79.512
2015-11-12,South,Office Supplies,7.872
2015-11-12,West,Furniture,629.064
2015-11-12,West,Office Supplies,11.96
2015-11-14,East,Furniture,69.264
2015-11-14,South,Office Supplies,32.4
2015-11-14,East,Technology,832.93
2015-11-14,Central,Office Supplies,44.976
2015-11-14,East,Office Supplies,55.16
2015-11-15,West,Office Supplies,31.41
2015-11-15,Central,Office Supplies,604.656
2015-11-15,South,Office Supplies,362.176
2015-11-15,West,Furniture,10.11
2015-11-15,West,Technology,772.47
2015-11-16,West,Office Supplies,350.13000000000005
2015-11-16,West,Technology,79.968
2015-11-16,West,Furniture,305.9745
2015-11-16,Central,Furniture,37.296
2015-11-16,Central,Office Supplies,308.6
2015-11-16,Central,Technology,273.96
2015-11-17,Central,Furniture,479.9
2015-11-17,Central,Office Supplies,7.08
2015-11-17,East,Furniture,4790.18
2015-11-17,East,Office Supplies,5191.744
2015-11-17,West,Office Supplies,975.3900000000001
2015-11-17,West,Technology,99.98
2015-11-18,Central,Office Supplies,466.2420000000001
2015-11-18,East,Furniture,60.312
2015-11-18,East,Office Supplies,141.541
2015-11-18,East,Technology,549.552
2015-11-18,West,Furniture,1013.72
2015-11-18,West,Office Supplies,57.788
2015-11-18,Central,Furniture,1117.7
2015-11-19,East,Technology,4596.3060000000005
2015-11-19,South,Technology,682.91
2015-11-19,West,Office Supplies,166.44
2015-11-19,East,Office Supplies,251.42000000000002
2015-11-19,Central,Technology,281.97
2015-11-19,Central,Office Supplies,221.16
2015-11-19,East,Furniture,1025.88
2015-11-20,East,Office Supplies,73.62
2015-11-20,East,Technology,833.94
2015-11-21,West,Technology,94.99
2015-11-21,West,Office Supplies,19.54
2015-11-21,South,Technology,36.99
2015-11-21,Central,Technology,267.96
2015-11-21,Central,Office Supplies,1.632
2015-11-21,South,Office Supplies,828.51
2015-11-22,Central,Office Supplies,16.908
2015-11-22,South,Office Supplies,1032.57
2015-11-22,West,Office Supplies,53.82
2015-11-23,West,Furniture,985.3599999999999
2015-11-23,West,Technology,29.99
2015-11-23,West,Office Supplies,45.312
2015-11-23,East,Office Supplies,62.808
2015-11-23,Central,Technology,5.544
2015-11-23,Central,Office Supplies,72.526
2015-11-23,Central,Furniture,161.74
2015-11-24,West,Furniture,272.432
2015-11-24,South,Furniture,111.15
2015-11-24,East,Technology,2552.346
2015-11-24,West,Office Supplies,721.476
2015-11-24,East,Furniture,646.226
2015-11-24,Central,Technology,111.79
2015-11-24,Central,Office Supplies,1154.82
2015-11-24,East,Office Supplies,2.624
2015-11-25,Central,Furniture,1224.831
2015-11-25,Central,Office Supplies,24.119999999999997
2015-11-25,Central,Technology,24.672
2015-11-25,East,Furniture,328.912
2015-11-25,East,Office Supplies,1117.92
2015-11-25,West,Furniture,749.224
2015-11-25,West,Office Supplies,406.096
2015-11-25,West,Technology,539.92
2015-11-26,West,Technology,438.336
2015-11-26,West,Office Supplies,833.724
2015-11-26,East,Office Supplies,134.67000000000002
2015-11-26,Central,Furniture,19.3
2015-11-26,East,Technology,279.96
2015-11-27,East,Furniture,199.9
2015-11-27,East,Office Supplies,3.76
2015-11-28,South,Office Supplies,159.41
2015-11-28,Central,Office Supplies,64.02
2015-11-28,Central,Technology,998.85
2015-11-28,East,Office Supplies,17.248
2015-11-28,South,Furniture,397.6
2015-11-28,West,Furniture,411.332
2015-11-28,West,Office Supplies,92.44
2015-11-28,West,Technology,139.93
2015-11-29,Central,Office Supplies,12.624
2015-11-29,East,Office Supplies,30.099999999999998
2015-11-29,West,Office Supplies,30.4
2015-11-29,West,Technology,575.92
2015-11-30,West,Technology,102.24
2015-11-30,West,Office Supplies,47.992
2015-11-30,South,Office Supplies,6.642
2015-11-30,East,Office Supplies,62.28
2015-12-01,Central,Furniture,3481.898
2015-12-01,Central,Office Supplies,46.64
2015-12-01,East,Furniture,973.508
2015-12-01,East,Office Supplies,36.288
2015-12-01,East,Technology,931.888
2015-12-01,South,Technology,95.968
2015-12-01,West,Furniture,58.2
2015-12-02,South,Technology,5.95
2015-12-02,South,Office Supplies,15.24
2015-12-02,East,Technology,239.76
2015-12-02,East,Furniture,1184.48
2015-12-02,Central,Office Supplies,18.857999999999997
2015-12-02,Central,Furniture,98.32
2015-12-02,East,Office Supplies,209.2
2015-12-03,Central,Office Supplies,25.92
2015-12-03,Central,Technology,479.96
2015-12-04,East,Technology,129.98
2015-12-05,West,Office Supplies,1453.8639999999998
2015-12-05,West,Technology,167.968
2015-12-05,South,Office Supplies,24.56
2015-12-05,Central,Office Supplies,24.816
2015-12-05,East,Office Supplies,667.012
2015-12-05,Central,Technology,408.744
2015-12-05,East,Technology,216.678
2015-12-06,Central,Furniture,249.702
2015-12-06,Central,Office Supplies,53.784
2015-12-06,Central,Technology,35.04
2015-12-06,South,Office Supplies,42.208
2015-12-06,West,Furniture,275.49
2015-12-06,West,Office Supplies,1314.754
2015-12-07,South,Office Supplies,105.52
2015-12-07,West,Office Supplies,442.88
2015-12-08,West,Office Supplies,154.864
2015-12-08,Central,Office Supplies,60.416
2015-12-08,West,Furniture,723.24
2015-12-08,West,Technology,156.6
2015-12-09,West,Office Supplies,135.384
2015-12-09,East,Technology,1079.976
2015-12-09,Central,Office Supplies,276.62
2015-12-09,East,Office Supplies,30.672
2015-12-10,East,Office Supplies,117.704
2015-12-10,West,Furniture,338.352
2015-12-10,West,Office Supplies,117.28
2015-12-12,Central,Office Supplies,210.392
2015-12-12,South,Office Supplies,23.472
2015-12-12,West,Furniture,4695.6005000000005
2015-12-12,West,Office Supplies,8.94
2015-12-13,West,Office Supplies,95.454
2015-12-13,West,Furniture,87.96
2015-12-13,Central,Office Supplies,2.92
2015-12-13,Central,Furniture,94.428
2015-12-13,South,Office Supplies,12.39
2015-12-14,South,Furniture,186.304
2015-12-14,Central,Office Supplies,17.264
2015-12-14,Central,Technology,35.016
2015-12-14,East,Furniture,136.53
2015-12-14,East,Office Supplies,2.624
2015-12-14,East,Technology,7263.92
2015-12-15,West,Furniture,6.16
2015-12-15,East,Furniture,445.802
2015-12-15,Central,Furniture,771.824
2015-12-15,Central,Technology,40.68
2015-12-16,Central,Furniture,56.568
2015-12-16,Central,Office Supplies,150.488
2015-12-16,South,Furniture,1043.292
2015-12-16,South,Office Supplies,3.151
2015-12-16,South,Technology,99.98
2015-12-16,West,Furniture,1689.948
2015-12-16,West,Technology,1022.168
2015-12-17,South,Office Supplies,40.05
2015-12-17,East,Office Supplies,5.484
2015-12-19,Central,Office Supplies,48.144
2015-12-19,Central,Technology,323.976
2015-12-19,South,Furniture,1819.86
2015-12-19,South,Office Supplies,164.842
2015-12-19,South,Technology,247.8
2015-12-19,West,Office Supplies,37.17
2015-12-19,West,Technology,794.968
2015-12-20,West,Office Supplies,955.952
2015-12-20,West,Furniture,294.32
2015-12-20,West,Technology,519.9200000000001
2015-12-20,South,Office Supplies,254.222
2015-12-20,Central,Office Supplies,1127.092
2015-12-20,East,Furniture,383.034
2015-12-20,Central,Technology,65.44
2015-12-20,South,Furniture,3362.46
2015-12-21,East,Office Supplies,17.28
2015-12-21,South,Office Supplies,18.24
2015-12-21,West,Furniture,1897.92
2015-12-22,Central,Office Supplies,274.096
2015-12-22,East,Office Supplies,513.112
2015-12-22,West,Office Supplies,11.76
2015-12-23,Central,Office Supplies,212.424
2015-12-23,East,Furniture,53.316
2015-12-23,East,Office Supplies,56.52
2015-12-23,South,Furniture,64.784
2015-12-23,South,Office Supplies,555.064
2015-12-24,West,Technology,1054.882
2015-12-24,West,Furniture,316.262
2015-12-24,West,Office Supplies,539.13
2015-12-24,East,Furniture,30.36
2015-12-24,South,Office Supplies,9.568
2015-12-26,Central,Furniture,600.558
2015-12-26,Central,Office Supplies,8.69
2015-12-26,East,Office Supplies,561.504
2015-12-26,West,Furniture,752.6
2015-12-26,West,Office Supplies,118.062
2015-12-27,West,Office Supplies,1078.51
2015-12-27,West,Furniture,230.28
2015-12-27,South,Technology,498.0
2015-12-27,South,Office Supplies,23.92
2015-12-27,East,Furniture,949.566
2015-12-27,Central,Office Supplies,35.0
2015-12-27,Central,Furniture,32.952
2015-12-27,East,Office Supplies,118.16
2015-12-28,East,Office Supplies,2682.326
2015-12-29,West,Office Supplies,432.332
2015-12-29,West,Technology,1303.872
2015-12-29,West,Furniture,95.46000000000001
2015-12-29,Central,Office Supplies,24.56
2015-12-29,Central,Technology,119.8
2015-12-29,East,Office Supplies,48.36
2015-12-29,Central,Furniture,47.712
2015-12-30,West,Office Supplies,551.985
2015-12-30,East,Technology,279.932
2015-12-30,East,Office Supplies,158.388
2015-12-30,South,Office Supplies,39.128
2015-12-30,Central,Technology,594.344
2015-12-30,Central,Office Supplies,25.11
2015-12-30,East,Furniture,523.764
2015-12-31,West,Technology,475.944
2015-12-31,Central,Office Supplies,79.24799999999999
2015-12-31,Central,Technology,47.53
2015-12-31,East,Furniture,2584.5280000000002
2015-12-31,East,Office Supplies,229.48
2015-12-31,East,Technology,1836.54
2016-01-02,East,Technology,1340.566
2016-01-02,East,Office Supplies,139.08
2016-01-02,East,Furniture,452.45
2016-01-03,Central,Furniture,1352.3976
2016-01-03,Central,Office Supplies,17.424
2016-01-03,Central,Technology,398.4
2016-01-04,Central,Office Supplies,72.24000000000001
2016-01-04,South,Furniture,192.22
2016-01-05,West,Furniture,61.584
2016-01-05,West,Office Supplies,143.51999999999998
2016-01-05,East,Office Supplies,90.168
2016-01-06,West,Office Supplies,31.538
2016-01-09,South,Office Supplies,364.07
2016-01-10,East,Furniture,1018.104
2016-01-12,East,Office Supplies,475.548
2016-01-12,East,Technology,271.948
2016-01-13,West,Office Supplies,70.008
2016-01-13,South,Office Supplies,9.82
2016-01-13,West,Furniture,542.45
2016-01-17,East,Office Supplies,6.68
2016-01-17,South,Office Supplies,88.96
2016-01-17,Central,Furniture,254.744
2016-01-19,Central,Furniture,301.742
2016-01-23,West,Office Supplies,43.66
2016-01-24,South,Office Supplies,13.12
2016-01-26,West,Office Supplies,182.72
2016-01-27,East,Furniture,181.986
2016-01-27,East,Technology,587.346
2016-01-27,West,Furniture,2803.92
2016-01-28,South,Furniture,4297.644
2016-01-30,Central,Office Supplies,14.304
2016-01-30,West,Furniture,227.36
2016-01-30,West,Technology,1919.976
2016-01-31,Central,Furniture,53.34
2016-01-31,Central,Office Supplies,45.92
2016-02-03,West,Office Supplies,12.144
2016-02-03,West,Furniture,136.92
2016-02-03,South,Office Supplies,74.52
2016-02-03,Central,Technology,149.97
2016-02-03,Central,Furniture,28.4
2016-02-03,East,Furniture,90.882
2016-02-06,West,Office Supplies,5.28
2016-02-06,Central,Office Supplies,673.6859999999999
2016-02-06,Central,Technology,18.528
2016-02-06,East,Furniture,1552.74
2016-02-06,East,Office Supplies,5.68
2016-02-06,South,Office Supplies,176.63
2016-02-07,South,Office Supplies,324.10999999999996
2016-02-08,Central,Office Supplies,21.11
2016-02-08,East,Technology,107.982
2016-02-09,Central,Furniture,40.784
2016-02-09,Central,Office Supplies,40.096
2016-02-09,Central,Technology,500.752
2016-02-09,West,Furniture,203.92
2016-02-10,East,Office Supplies,77.24
2016-02-14,East,Office Supplies,58.013999999999996
2016-02-14,East,Technology,1021.9480000000001
2016-02-15,West,Office Supplies,627.4800000000001
2016-02-15,Central,Technology,974.9000000000001
2016-02-16,West,Office Supplies,124.55
2016-02-16,East,Office Supplies,35.88
2016-02-18,West,Furniture,35.544
2016-02-18,West,Office Supplies,70.3
2016-02-20,East,Office Supplies,286.79
2016-02-20,South,Technology,29.99
2016-02-21,East,Office Supplies,2541.98
2016-02-21,West,Office Supplies,49.12
2016-02-22,Central,Office Supplies,79.36
2016-02-23,East,Office Supplies,37.775999999999996
2016-02-25,East,Office Supplies,25.869999999999997
2016-02-27,East,Furniture,493.92
2016-02-27,East,Office Supplies,20.451
2016-02-27,East,Technology,105.98
2016-02-27,West,Technology,538.92
2016-02-28,South,Furniture,551.264
2016-03-01,West,Technology,15.984
2016-03-01,South,Office Supplies,58.72
2016-03-01,East,Office Supplies,3.552
2016-03-01,West,Furniture,184.752
2016-03-01,Central,Office Supplies,55.328
2016-03-01,Central,Technology,95.84
2016-03-01,Central,Furniture,1227.9984
2016-03-02,Central,Office Supplies,112.03999999999999
2016-03-02,West,Furniture,787.53
2016-03-05,East,Office Supplies,595.296
2016-03-05,East,Furniture,516.547
2016-03-05,East,Technology,476.47
2016-03-05,Central,Office Supplies,320.402
2016-03-05,Central,Furniture,4.712
2016-03-05,Central,Technology,55.84
2016-03-06,West,Furniture,435.26
2016-03-06,West,Technology,1119.984
2016-03-07,East,Office Supplies,99.72
2016-03-07,East,Technology,707.82
2016-03-08,West,Office Supplies,3.408
2016-03-08,Central,Furniture,1746.95
2016-03-08,Central,Office Supplies,23.548000000000002
2016-03-08,Central,Technology,769.95
2016-03-08,East,Office Supplies,19.44
2016-03-09,South,Office Supplies,4.608
2016-03-09,Central,Technology,473.4
2016-03-10,Central,Office Supplies,1.112
2016-03-10,East,Office Supplies,89.82
2016-03-12,South,Furniture,37.288
2016-03-12,South,Office Supplies,13.728000000000002
2016-03-13,West,Furniture,1384.856
2016-03-14,East,Office Supplies,688.46
2016-03-14,West,Office Supplies,19.44
2016-03-15,West,Technology,16.776
2016-03-16,West,Furniture,215.09
2016-03-16,South,Office Supplies,6911.7
2016-03-16,East,Office Supplies,17.52
2016-03-16,East,Technology,85.9
2016-03-17,East,Office Supplies,33.82
2016-03-17,East,Technology,15.02
2016-03-19,West,Office Supplies,1585.8880000000001
2016-03-19,South,Office Supplies,14.496
2016-03-19,West,Technology,3603.506
2016-03-20,West,Office Supplies,29.304
2016-03-20,Central,Office Supplies,73.21600000000001
2016-03-21,South,Office Supplies,1270.3790000000001
2016-03-22,Central,Office Supplies,143.68
2016-03-22,Central,Technology,18.392
2016-03-22,South,Office Supplies,169.968
2016-03-22,South,Technology,447.944
2016-03-22,West,Furniture,91.96
2016-03-22,West,Office Supplies,105.52
2016-03-22,West,Technology,1503.96
2016-03-23,Central,Furniture,107.772
2016-03-23,South,Office Supplies,59.480000000000004
2016-03-23,West,Office Supplies,226.07999999999998
2016-03-23,West,Technology,239.97
2016-03-24,Central,Furniture,359.058
2016-03-24,South,Office Supplies,6.992
2016-03-24,West,Furniture,46.9
2016-03-26,East,Technology,16.776
2016-03-26,East,Office Supplies,40.032
2016-03-26,South,Office Supplies,74.352
2016-03-27,West,Office Supplies,83.7
2016-03-28,East,Office Supplies,43.704
2016-03-28,West,Office Supplies,33.4
2016-03-28,West,Technology,166.24
2016-03-29,East,Office Supplies,17.64
2016-03-29,South,Furniture,1166.92
2016-03-29,South,Office Supplies,5.56
2016-03-29,West,Furniture,19.92
2016-03-29,West,Office Supplies,295.78999999999996
2016-03-29,West,Technology,53.25
2016-03-30,Central,Technology,180.96
2016-03-30,Central,Furniture,366.744
2016-03-30,Central,Office Supplies,23.52
2016-03-31,Central,Furniture,22.38
2016-03-31,Central,Office Supplies,98.376
2016-03-31,South,Technology,79.96
2016-04-02,Central,Office Supplies,41.348
2016-04-02,Central,Technology,98.096
2016-04-02,West,Technology,159.776
2016-04-04,East,Office Supplies,102.59199999999998
2016-04-04,East,Furniture,108.4
2016-04-04,Central,Office Supplies,662.676
2016-04-04,Central,Technology,610.9300000000001
2016-04-05,East,Furniture,907.17
2016-04-05,East,Office Supplies,696.252
2016-04-05,East,Technology,56.838
2016-04-05,South,Office Supplies,157.794
2016-04-05,West,Furniture,892.224
2016-04-05,West,Office Supplies,23.84
2016-04-05,West,Technology,239.94
2016-04-06,Central,Office Supplies,66.56400000000001
2016-04-06,Central,Technology,25.488
2016-04-06,South,Office Supplies,47.952
2016-04-07,Central,Office Supplies,463.248
2016-04-07,Central,Technology,383.952
2016-04-07,East,Office Supplies,60.236000000000004
2016-04-09,East,Office Supplies,388.08
2016-04-09,West,Furniture,369.912
2016-04-10,West,Office Supplies,12.832
2016-04-10,East,Office Supplies,156.70999999999998
2016-04-11,East,Office Supplies,406.6
2016-04-11,East,Technology,107.13
2016-04-11,South,Furniture,121.888
2016-04-11,West,Office Supplies,52.76
2016-04-11,West,Technology,639.968
2016-04-13,Central,Furniture,821.3520000000001
2016-04-13,Central,Office Supplies,17.43
2016-04-13,Central,Technology,239.976
2016-04-13,West,Furniture,990.08
2016-04-13,West,Office Supplies,185.38400000000001
2016-04-13,West,Technology,938.4560000000001
2016-04-14,West,Office Supplies,35.208
2016-04-16,South,Technology,569.64
2016-04-16,South,Furniture,1720.12
2016-04-16,East,Technology,118.782
2016-04-16,South,Office Supplies,9.14
2016-04-16,East,Furniture,127.764
2016-04-16,Central,Technology,1483.528
2016-04-16,East,Office Supplies,132.998
2016-04-17,East,Office Supplies,73.006
2016-04-17,East,Technology,99.6
2016-04-17,West,Office Supplies,1465.17
2016-04-17,West,Technology,1107.33
2016-04-18,West,Office Supplies,1124.57
2016-04-18,South,Technology,106.5
2016-04-18,East,Office Supplies,21.93
2016-04-18,Central,Office Supplies,216.964
2016-04-18,Central,Furniture,152.83599999999998
2016-04-18,Central,Technology,384.16
2016-04-19,Central,Office Supplies,329.96
2016-04-20,Central,Office Supplies,298.416
2016-04-20,South,Furniture,595.38
2016-04-20,South,Office Supplies,12.96
2016-04-20,South,Technology,287.97
2016-04-21,South,Office Supplies,21.3
2016-04-21,South,Furniture,401.84000000000003
2016-04-21,South,Technology,469.95
2016-04-22,West,Office Supplies,64.14
2016-04-22,West,Technology,88.776
2016-04-24,East,Office Supplies,25.99
2016-04-25,East,Office Supplies,206.43
2016-04-25,West,Office Supplies,35.284
2016-04-25,Central,Furniture,128.058
2016-04-25,Central,Office Supplies,551.174
2016-04-26,Central,Furniture,408.422
2016-04-26,South,Furniture,1120.4915
2016-04-26,South,Office Supplies,75.408
2016-04-26,West,Furniture,63.936
2016-04-26,West,Office Supplies,109.872
2016-04-26,West,Technology,311.976
2016-04-27,East,Technology,1379.92
2016-04-27,West,Office Supplies,49.400000000000006
2016-04-27,East,Furniture,1267.53
2016-04-27,East,Office Supplies,22.74
2016-04-28,Central,Office Supplies,4044.3619999999996
2016-04-29,East,Office Supplies,7.968
2016-04-30,Central,Furniture,213.115
2016-04-30,East,Furniture,65.18
2016-04-30,East,Office Supplies,6.48
2016-04-30,East,Technology,1232.47
2016-04-30,West,Office Supplies,34.65
2016-04-30,West,Technology,19.8
2016-05-01,West,Technology,88.752
2016-05-01,West,Office Supplies,84.55600000000001
2016-05-01,South,Office Supplies,214.08
2016-05-01,South,Furniture,63.552
2016-05-02,Central,Office Supplies,8.856
2016-05-02,Central,Technology,158.376
2016-05-03,East,Furniture,844.116
2016-05-03,East,Office Supplies,186.51999999999998
2016-05-03,East,Technology,27.552
2016-05-03,West,Furniture,665.88
2016-05-03,West,Office Supplies,134.732
2016-05-03,West,Technology,339.96
2016-05-04,East,Furniture,26.8
2016-05-04,Central,Technology,946.344
2016-05-04,Central,Furniture,22.288
2016-05-04,Central,Office Supplies,125.93
2016-05-07,Central,Furniture,244.006
2016-05-07,Central,Office Supplies,15.936
2016-05-07,South,Office Supplies,45.68
2016-05-08,East,Technology,2799.944
2016-05-08,West,Office Supplies,5.248
2016-05-08,East,Office Supplies,415.31
2016-05-08,Central,Furniture,123.96
2016-05-08,Central,Technology,377.97
2016-05-08,Central,Office Supplies,43.98
2016-05-08,East,Furniture,215.55599999999998
2016-05-09,South,Office Supplies,48.81
2016-05-10,Central,Office Supplies,107.75399999999999
2016-05-10,West,Technology,46.688
2016-05-11,West,Furniture,191.968
2016-05-12,Central,Furniture,21.968
2016-05-12,Central,Office Supplies,127.904
2016-05-12,Central,Technology,619.152
2016-05-12,East,Office Supplies,36.63
2016-05-12,West,Office Supplies,53.112
2016-05-12,West,Technology,201.584
2016-05-13,Central,Office Supplies,16.0
2016-05-13,Central,Technology,222.384
2016-05-14,West,Furniture,1452.7875
2016-05-14,West,Office Supplies,1117.92
2016-05-14,East,Office Supplies,570.492
2016-05-15,East,Office Supplies,51.968
2016-05-15,South,Office Supplies,17.94
2016-05-16,South,Technology,255.968
2016-05-17,Central,Office Supplies,47.368
2016-05-18,West,Office Supplies,10.86
2016-05-20,South,Furniture,163.136
2016-05-20,South,Office Supplies,6.408
2016-05-21,Central,Office Supplies,20.768
2016-05-21,East,Office Supplies,24.588
2016-05-21,West,Office Supplies,26.976
2016-05-22,West,Office Supplies,113.05000000000001
2016-05-22,West,Technology,3749.0480000000002
2016-05-23,East,Office Supplies,51.45
2016-05-23,South,Office Supplies,186.69
2016-05-23,Central,Furniture,75.33
2016-05-23,Central,Office Supplies,850.5
2016-05-23,West,Office Supplies,140.986
2016-05-24,Central,Office Supplies,7.656
2016-05-24,Central,Furniture,602.651
2016-05-25,Central,Office Supplies,203.93599999999998
2016-05-25,Central,Technology,207.984
2016-05-25,South,Technology,467.04
2016-05-25,West,Furniture,14.73
2016-05-25,West,Office Supplies,845.728
2016-05-26,West,Furniture,20.24
2016-05-26,South,Office Supplies,184.224
2016-05-26,South,Technology,167.944
2016-05-26,Central,Furniture,210.616
2016-05-26,Central,Technology,399.54
2016-05-28,East,Office Supplies,741.526
2016-05-28,East,Technology,45.99
2016-05-28,West,Office Supplies,6.63
2016-05-29,West,Office Supplies,740.73
2016-05-29,Central,Office Supplies,12.39
2016-05-29,East,Furniture,358.626
2016-05-29,East,Office Supplies,8.04
2016-05-30,South,Technology,151.96
2016-05-30,East,Technology,368.82
2016-05-30,East,Office Supplies,160.32
2016-05-31,Central,Furniture,2619.4
2016-05-31,Central,Office Supplies,182.956
2016-05-31,East,Furniture,30.479999999999997
2016-05-31,East,Office Supplies,344.54
2016-05-31,South,Office Supplies,10.272
2016-05-31,West,Furniture,1406.86
2016-05-31,West,Office Supplies,583.63
2016-06-01,West,Office Supplies,11.76
2016-06-01,Central,Technology,341.88
2016-06-01,Central,Office Supplies,480.55800000000005
2016-06-04,East,Furniture,35.28
2016-06-04,East,Office Supplies,30.44
2016-06-04,West,Office Supplies,16.64
2016-06-04,West,Technology,1109.95
2016-06-05,Central,Office Supplies,10.56
2016-06-05,East,Furniture,1522.638
2016-06-07,West,Office Supplies,7.52
2016-06-07,East,Office Supplies,52.248000000000005
2016-06-08,Central,Technology,2.376
2016-06-08,Central,Office Supplies,143.128
2016-06-09,Central,Office Supplies,12.96
2016-06-09,South,Office Supplies,215.82
2016-06-09,South,Technology,72.6
2016-06-09,West,Furniture,355.36
2016-06-09,West,Technology,140.376
2016-06-11,South,Furniture,1201.7520000000002
2016-06-11,South,Office Supplies,1868.528
2016-06-11,South,Technology,303.284
2016-06-12,South,Technology,55.984
2016-06-12,East,Office Supplies,50.635999999999996
2016-06-12,Central,Office Supplies,24.56
2016-06-12,East,Furniture,43.296
2016-06-13,South,Technology,899.97
2016-06-13,East,Office Supplies,41.524
2016-06-13,East,Technology,67.98
2016-06-13,South,Office Supplies,82.8
2016-06-13,West,Office Supplies,36.624
2016-06-14,East,Furniture,51.072
2016-06-15,South,Technology,11.672
2016-06-15,West,Furniture,404.96000000000004
2016-06-15,West,Office Supplies,91.93599999999999
2016-06-15,West,Technology,225.576
2016-06-16,Central,Furniture,197.372
2016-06-16,Central,Office Supplies,55.968
2016-06-16,East,Office Supplies,3056.5840000000003
2016-06-16,East,Technology,133.98
2016-06-18,West,Office Supplies,77.624
2016-06-18,West,Furniture,75.36
2016-06-18,South,Furniture,703.976
2016-06-18,South,Office Supplies,558.157
2016-06-18,South,Technology,467.97
2016-06-19,West,Furniture,12.56
2016-06-19,Central,Office Supplies,234.712
2016-06-19,East,Office Supplies,5.904
2016-06-19,West,Office Supplies,193.17
2016-06-20,West,Furniture,257.64
2016-06-20,East,Technology,319.984
2016-06-20,West,Technology,251.92000000000002
2016-06-21,South,Technology,107.976
2016-06-22,Central,Furniture,796.425
2016-06-22,East,Office Supplies,1217.568
2016-06-22,West,Office Supplies,4.96
2016-06-23,South,Furniture,27.42
2016-06-23,South,Office Supplies,165.98
2016-06-23,South,Technology,75.0
2016-06-23,West,Office Supplies,5.43
2016-06-23,West,Technology,563.128
2016-06-25,West,Office Supplies,413.942
2016-06-25,West,Furniture,204.85
2016-06-25,Central,Furniture,75.384
2016-06-25,Central,Office Supplies,53.544
2016-06-25,East,Office Supplies,109.36
2016-06-26,South,Office Supplies,202.42000000000002
2016-06-26,Central,Technology,1013.78
2016-06-26,East,Office Supplies,43.056
2016-06-26,South,Furniture,332.94
2016-06-28,West,Office Supplies,5.904
2016-06-28,West,Furniture,621.76
2016-06-28,East,Furniture,482.94
2016-06-28,East,Office Supplies,15.552
2016-06-29,Central,Technology,269.98
2016-06-29,East,Furniture,137.986
2016-06-29,East,Office Supplies,24.96
2016-07-02,South,Office Supplies,39.788
2016-07-02,South,Technology,74.24
2016-07-02,South,Furniture,159.84
2016-07-02,Central,Office Supplies,548.056
2016-07-02,Central,Furniture,790.538
2016-07-02,East,Office Supplies,19.44
2016-07-03,East,Furniture,451.352
2016-07-03,East,Office Supplies,6.72
2016-07-03,South,Furniture,70.98
2016-07-03,South,Office Supplies,294.93
2016-07-04,East,Office Supplies,15.48
2016-07-04,Central,Technology,1099.96
2016-07-04,West,Office Supplies,22.848
2016-07-05,South,Office Supplies,19.014000000000003
2016-07-05,South,Furniture,9.856
2016-07-05,East,Technology,34.8
2016-07-05,East,Office Supplies,38.976
2016-07-05,Central,Office Supplies,19.0
2016-07-06,East,Furniture,471.74
2016-07-06,East,Office Supplies,612.77
2016-07-06,East,Technology,124.95
2016-07-06,West,Furniture,170.352
2016-07-08,Central,Office Supplies,21.12
2016-07-09,South,Office Supplies,5.16
2016-07-09,East,Technology,734.952
2016-07-09,East,Furniture,181.96
2016-07-09,Central,Office Supplies,48.632
2016-07-09,East,Office Supplies,616.41
2016-07-10,West,Office Supplies,43.286
2016-07-11,West,Office Supplies,128.322
2016-07-11,East,Furniture,856.4680000000001
2016-07-11,East,Office Supplies,241.162
2016-07-11,East,Technology,716.0
2016-07-12,Central,Office Supplies,8.84
2016-07-12,Central,Technology,1652.3600000000001
2016-07-12,Central,Furniture,391.367
2016-07-13,Central,Office Supplies,41.568
2016-07-13,East,Furniture,1931.04
2016-07-13,East,Office Supplies,21.768
2016-07-13,South,Office Supplies,38.88
2016-07-14,West,Furniture,569.684
2016-07-14,West,Office Supplies,291.23199999999997
2016-07-16,West,Furniture,2048.8559999999998
2016-07-16,East,Technology,599.9
2016-07-16,East,Office Supplies,229.65
2016-07-16,East,Furniture,150.98
2016-07-17,Central,Office Supplies,20.696
2016-07-17,South,Furniture,231.92
2016-07-17,West,Furniture,195.466
2016-07-18,East,Office Supplies,5.76
2016-07-18,West,Technology,519.96
2016-07-19,West,Office Supplies,2.025
2016-07-20,Central,Office Supplies,410.01
2016-07-20,Central,Technology,984.7840000000001
2016-07-20,Central,Furniture,1298.374
2016-07-23,East,Office Supplies,79.452
2016-07-23,East,Furniture,128.82
2016-07-24,South,Furniture,20.94
2016-07-24,South,Office Supplies,225.15
2016-07-24,South,Technology,279.86
2016-07-25,East,Office Supplies,25.176
2016-07-25,South,Furniture,358.58
2016-07-25,South,Office Supplies,98.46
2016-07-25,West,Furniture,1266.4679999999998
2016-07-25,West,Office Supplies,22.380000000000003
2016-07-25,West,Technology,623.96
2016-07-26,West,Office Supplies,299.34000000000003
2016-07-26,West,Furniture,659.517
2016-07-27,South,Technology,29.97
2016-07-30,Central,Furniture,155.88
2016-07-30,Central,Office Supplies,61.792
2016-07-30,West,Furniture,5.28
2016-07-30,West,Office Supplies,10.92
2016-07-30,West,Technology,209.93
2016-07-31,South,Technology,239.7
2016-07-31,East,Technology,2309.65
2016-07-31,Central,Office Supplies,52.59
2016-07-31,East,Furniture,1090.782
2016-07-31,East,Office Supplies,19.44
2016-08-01,West,Furniture,1004.976
2016-08-01,West,Office Supplies,6.72
2016-08-02,East,Furniture,110.98
2016-08-02,East,Office Supplies,8.4
2016-08-02,East,Technology,328.83
2016-08-02,West,Furniture,277.5
2016-08-02,West,Office Supplies,6.368
2016-08-02,West,Technology,558.4
2016-08-05,Central,Furniture,14.76
2016-08-05,Central,Office Supplies,57.89
2016-08-06,Central,Furniture,369.1992
2016-08-06,Central,Office Supplies,125.67
2016-08-07,West,Office Supplies,22.456
2016-08-07,South,Office Supplies,25.06
2016-08-07,South,Technology,494.97
2016-08-07,Central,Office Supplies,28.4
2016-08-07,Central,Furniture,212.94
2016-08-07,East,Office Supplies,184.38
2016-08-08,East,Office Supplies,601.44
2016-08-08,West,Furniture,144.784
2016-08-08,West,Office Supplies,13.888
2016-08-09,East,Technology,1535.73
2016-08-09,East,Furniture,446.02599999999995
2016-08-09,South,Office Supplies,4.608
2016-08-09,Central,Furniture,1309.85
2016-08-09,Central,Office Supplies,24.18
2016-08-09,East,Office Supplies,1557.998
2016-08-10,Central,Office Supplies,139.69
2016-08-10,West,Office Supplies,133.472
2016-08-10,West,Technology,578.312
2016-08-11,East,Office Supplies,11.96
2016-08-11,East,Technology,138.0
2016-08-11,South,Furniture,46.152
2016-08-13,West,Furniture,31.56
2016-08-13,West,Office Supplies,50.8
2016-08-13,South,Office Supplies,70.32000000000001
2016-08-13,Central,Office Supplies,11.36
2016-08-13,East,Office Supplies,422.856
2016-08-15,West,Furniture,104.23
2016-08-15,West,Office Supplies,393.36
2016-08-16,East,Furniture,555.822
2016-08-16,East,Office Supplies,71.81400000000001
2016-08-16,East,Technology,550.9680000000001
2016-08-16,West,Office Supplies,320.368
2016-08-16,West,Technology,1879.96
2016-08-17,West,Technology,282.88
2016-08-17,East,Office Supplies,52.2
2016-08-17,West,Office Supplies,46.559999999999995
2016-08-21,East,Furniture,624.442
2016-08-21,East,Office Supplies,828.544
2016-08-21,East,Technology,21.728
2016-08-21,South,Office Supplies,53.28
2016-08-21,West,Furniture,1130.406
2016-08-21,West,Office Supplies,169.12
2016-08-22,East,Office Supplies,66.632
2016-08-23,South,Technology,251.91
2016-08-23,South,Office Supplies,890.5200000000001
2016-08-23,Central,Office Supplies,59.848
2016-08-24,Central,Furniture,918.785
2016-08-24,Central,Office Supplies,1726.236
2016-08-24,East,Furniture,299.274
2016-08-24,East,Office Supplies,442.416
2016-08-24,East,Technology,52.982
2016-08-24,South,Technology,3747.9300000000003
2016-08-24,West,Office Supplies,7.152
2016-08-25,Central,Furniture,27.983999999999998
2016-08-25,Central,Office Supplies,3.798
2016-08-25,West,Furniture,40.784
2016-08-25,West,Office Supplies,105.96
2016-08-27,West,Office Supplies,639.9739999999999
2016-08-28,West,Office Supplies,1662.53
2016-08-28,West,Furniture,311.826
2016-08-28,West,Technology,43.176
2016-08-28,Central,Technology,3899.92
2016-08-28,Central,Furniture,103.481
2016-08-28,East,Office Supplies,470.36
2016-08-29,Central,Technology,246.5
2016-08-31,Central,Office Supplies,20.96
2016-08-31,West,Furniture,1552.831
2016-08-31,West,Office Supplies,195.56
2016-08-31,West,Technology,832.446
2016-09-01,West,Technology,959.984
2016-09-01,West,Office Supplies,19.12
2016-09-01,East,Furniture,185.1
2016-09-01,East,Office Supplies,1203.36
2016-09-03,Central,Office Supplies,7.5
2016-09-03,East,Office Supplies,1013.046
2016-09-03,East,Technology,100.49
2016-09-03,South,Office Supplies,200.984
2016-09-03,West,Furniture,367.72
2016-09-03,West,Office Supplies,37.808
2016-09-03,West,Technology,147.35
2016-09-04,West,Office Supplies,9.762
2016-09-04,South,Technology,619.95
2016-09-04,South,Office Supplies,299.53999999999996
2016-09-04,East,Office Supplies,7.656
2016-09-04,Central,Technology,134.376
2016-09-05,Central,Furniture,6.16
2016-09-05,Central,Office Supplies,126.7
2016-09-05,South,Furniture,67.96
2016-09-05,West,Furniture,704.531
2016-09-05,West,Office Supplies,28.752
2016-09-06,East,Furniture,271.764
2016-09-06,East,Office Supplies,8.39
2016-09-06,East,Technology,337.98
2016-09-06,South,Office Supplies,57.304
2016-09-06,West,Furniture,191.82
2016-09-06,West,Office Supplies,6.096
2016-09-06,West,Technology,46.32
2016-09-07,West,Office Supplies,671.93
2016-09-07,East,Technology,1441.894
2016-09-07,South,Office Supplies,140.736
2016-09-07,East,Furniture,508.59
2016-09-07,East,Office Supplies,112.001
2016-09-07,Central,Furniture,47.516
2016-09-08,South,Furniture,21.36
2016-09-08,West,Office Supplies,68.28
2016-09-10,West,Furniture,106.68
2016-09-10,East,Office Supplies,346.85999999999996
2016-09-10,West,Office Supplies,405.4
2016-09-10,Central,Office Supplies,14.94
2016-09-10,Central,Furniture,179.886
2016-09-10,East,Furniture,361.96
2016-09-11,East,Furniture,219.6
2016-09-11,East,Office Supplies,1242.05
2016-09-11,East,Technology,19.99
2016-09-11,West,Furniture,24.64
2016-09-11,West,Office Supplies,455.85
2016-09-12,East,Office Supplies,205.86
2016-09-12,East,Technology,479.984
2016-09-12,West,Technology,21.98
2016-09-13,South,Office Supplies,83.022
2016-09-13,South,Furniture,129.93
2016-09-13,East,Office Supplies,2.412
2016-09-13,Central,Office Supplies,7.824
2016-09-13,Central,Furniture,1686.272
2016-09-13,Central,Technology,199.96
2016-09-14,Central,Office Supplies,25.9
2016-09-14,East,Office Supplies,1004.1600000000001
2016-09-14,East,Technology,879.984
2016-09-14,South,Office Supplies,269.49
2016-09-14,West,Furniture,1082.886
2016-09-15,Central,Office Supplies,215.18
2016-09-15,East,Furniture,46.384
2016-09-15,East,Office Supplies,243.59199999999998
2016-09-15,South,Furniture,1930.5
2016-09-15,South,Office Supplies,40.224000000000004
2016-09-15,South,Technology,59.97
2016-09-16,South,Office Supplies,31.12
2016-09-17,South,Technology,87.168
2016-09-17,West,Office Supplies,57.432
2016-09-17,East,Technology,937.67
2016-09-17,East,Office Supplies,429.974
2016-09-17,East,Furniture,9984.238
2016-09-17,Central,Office Supplies,6.588
2016-09-17,Central,Furniture,21.936
2016-09-18,East,Office Supplies,743.9000000000001
2016-09-18,East,Technology,1759.92
2016-09-18,South,Technology,717.12
2016-09-18,West,Furniture,24.4
2016-09-18,West,Office Supplies,678.98
2016-09-19,West,Office Supplies,31.36
2016-09-19,West,Furniture,60.84
2016-09-19,East,Technology,279.86
2016-09-19,South,Furniture,61.96
2016-09-19,South,Technology,66.36
2016-09-20,West,Office Supplies,45.584
2016-09-20,Central,Office Supplies,2.808
2016-09-20,East,Office Supplies,123.52799999999999
2016-09-20,South,Office Supplies,1664.1319999999998
2016-09-21,South,Technology,743.6800000000001
2016-09-21,East,Furniture,628.24
2016-09-21,West,Office Supplies,207.64000000000001
2016-09-21,West,Furniture,601.536
2016-09-21,South,Office Supplies,1198.24
2016-09-21,Central,Office Supplies,25.99
2016-09-21,East,Technology,589.9
2016-09-21,Central,Technology,1097.544
2016-09-21,Central,Furniture,199.248
2016-09-21,South,Furniture,1690.04
2016-09-22,East,Office Supplies,55.6
2016-09-22,East,Technology,617.976
2016-09-22,South,Furniture,47.98
2016-09-22,South,Office Supplies,795.9079999999999
2016-09-22,West,Furniture,204.6
2016-09-22,West,Office Supplies,61.44
2016-09-24,West,Technology,58.31999999999999
2016-09-24,West,Furniture,14.91
2016-09-24,South,Furniture,517.5
2016-09-24,West,Office Supplies,1240.072
2016-09-24,Central,Technology,821.94
2016-09-24,Central,Office Supplies,15.24
2016-09-24,Central,Furniture,1408.1
2016-09-24,East,Office Supplies,104.532
2016-09-25,West,Technology,159.98
2016-09-25,West,Office Supplies,30.08
2016-09-25,South,Office Supplies,22.549
2016-09-25,West,Furniture,1351.766
2016-09-25,East,Office Supplies,169.20600000000002
2016-09-25,East,Furniture,102.582
2016-09-25,Central,Office Supplies,128.744
2016-09-25,East,Technology,1068.85
2016-09-26,West,Technology,503.76
2016-09-26,Central,Office Supplies,2.08
2016-09-26,Central,Technology,1114.4
2016-09-26,East,Office Supplies,234.6
2016-09-26,East,Technology,725.824
2016-09-26,West,Office Supplies,1141.609
2016-09-27,South,Office Supplies,154.9
2016-09-27,South,Technology,1871.88
2016-09-27,Central,Furniture,24.288
2016-09-27,Central,Office Supplies,57.4
2016-09-27,West,Office Supplies,274.49
2016-09-28,West,Technology,36.784
2016-09-28,West,Office Supplies,420.08
2016-09-28,East,Technology,307.98
2016-09-28,East,Office Supplies,293.52
2016-10-01,Central,Office Supplies,2.992
2016-10-01,Central,Technology,108.768
2016-10-01,East,Office Supplies,22.45
2016-10-01,East,Technology,311.98
2016-10-01,West,Office Supplies,139.424
2016-10-01,West,Technology,572.8
2016-10-02,West,Technology,557.0
2016-10-02,West,Office Supplies,404.164
2016-10-02,West,Furniture,11.032
2016-10-02,South,Office Supplies,7.38
2016-10-02,East,Technology,90.0
2016-10-02,East,Office Supplies,199.69
2016-10-03,East,Furniture,35.49
2016-10-03,East,Office Supplies,47.078
2016-10-03,East,Technology,71.98400000000001
2016-10-03,West,Furniture,120.666
2016-10-04,West,Office Supplies,26.96
2016-10-04,South,Furniture,392.94
2016-10-04,East,Office Supplies,20.736
2016-10-04,East,Furniture,64.944
2016-10-05,East,Office Supplies,77.55
2016-10-05,East,Technology,341.04
2016-10-05,South,Office Supplies,75.04
2016-10-05,West,Furniture,357.462
2016-10-08,Central,Furniture,72.78
2016-10-08,Central,Office Supplies,3.44
2016-10-08,West,Furniture,145.9
2016-10-09,South,Office Supplies,81.30199999999999
2016-10-09,East,Technology,631.96
2016-10-09,East,Office Supplies,23.92
2016-10-09,Central,Furniture,389.97
2016-10-09,Central,Office Supplies,357.273
2016-10-09,Central,Technology,649.11
2016-10-10,West,Office Supplies,45.36
2016-10-10,Central,Office Supplies,8.016
2016-10-10,South,Office Supplies,1801.632
2016-10-11,South,Office Supplies,22.368
2016-10-11,South,Furniture,957.5775
2016-10-11,East,Technology,31.95
2016-10-12,Central,Office Supplies,12.56
2016-10-12,Central,Technology,399.67999999999995
2016-10-12,East,Furniture,1735.158
2016-10-12,East,Office Supplies,71.74000000000001
2016-10-12,East,Technology,71.76
2016-10-12,West,Office Supplies,81.96
2016-10-12,West,Technology,17.9
2016-10-13,South,Technology,83.72
2016-10-13,South,Furniture,287.94
2016-10-15,Central,Furniture,2601.946
2016-10-15,Central,Office Supplies,13.768
2016-10-15,Central,Technology,603.8399999999999
2016-10-16,East,Technology,824.97
2016-10-17,West,Office Supplies,77.88
2016-10-18,West,Technology,249.584
2016-10-18,West,Furniture,10.11
2016-10-18,West,Office Supplies,17.94
2016-10-18,Central,Office Supplies,73.164
2016-10-18,Central,Technology,27.696
2016-10-19,Central,Office Supplies,40.0
2016-10-19,Central,Technology,149.95
2016-10-19,East,Office Supplies,34.44
2016-10-19,West,Office Supplies,1640.7
2016-10-19,West,Technology,270.0
2016-10-20,West,Technology,239.97
2016-10-20,East,Office Supplies,24.56
2016-10-20,West,Furniture,455.55600000000004
2016-10-22,Central,Office Supplies,5.176
2016-10-22,South,Office Supplies,9.952
2016-10-23,West,Office Supplies,26.952
2016-10-23,West,Furniture,1275.1039999999998
2016-10-23,South,Technology,67.768
2016-10-23,West,Technology,148.32
2016-10-23,Central,Technology,630.36
2016-10-23,Central,Office Supplies,103.104
2016-10-23,South,Office Supplies,10.688
2016-10-24,West,Furniture,454.272
2016-10-24,Central,Office Supplies,29.512
2016-10-24,Central,Furniture,347.361
2016-10-25,East,Furniture,291.1
2016-10-25,East,Technology,158.99
2016-10-25,West,Furniture,835.512
2016-10-25,West,Office Supplies,139.81
2016-10-26,West,Office Supplies,1221.029
2016-10-26,West,Technology,174.304
2016-10-28,South,Office Supplies,47.300000000000004
2016-10-28,South,Furniture,57.21
2016-10-29,West,Office Supplies,244.24
2016-10-30,Central,Technology,299.9
2016-10-30,East,Technology,1035.8
2016-10-30,South,Office Supplies,182.91
2016-10-30,West,Furniture,15.488
2016-10-30,West,Technology,587.946
2016-10-31,West,Technology,1295.84
2016-10-31,West,Furniture,748.969
2016-10-31,West,Office Supplies,1013.34
2016-10-31,Central,Office Supplies,70.12
2016-10-31,East,Office Supplies,82.74
2016-11-01,East,Furniture,792.428
2016-11-01,East,Office Supplies,16.688
2016-11-01,East,Technology,1987.15
2016-11-01,South,Furniture,301.96
2016-11-01,West,Office Supplies,7.88
2016-11-02,East,Furniture,2731.0860000000002
2016-11-02,West,Technology,447.93
2016-11-02,West,Office Supplies,129.44
2016-11-02,West,Furniture,1648.299
2016-11-02,Central,Technology,344.704
2016-11-02,Central,Office Supplies,29.372
2016-11-02,South,Office Supplies,197.72
2016-11-03,West,Furniture,42.6
2016-11-03,Central,Office Supplies,6.608
2016-11-03,East,Furniture,1448.82
2016-11-03,West,Technology,1302.818
2016-11-05,West,Office Supplies,161.152
2016-11-05,South,Office Supplies,387.136
2016-11-05,South,Furniture,207.0
2016-11-05,East,Office Supplies,59.762
2016-11-05,Central,Office Supplies,19.824
2016-11-06,West,Office Supplies,11.481
2016-11-07,Central,Furniture,64.96
2016-11-07,Central,Office Supplies,394.772
2016-11-07,Central,Technology,287.91
2016-11-07,East,Furniture,715.2
2016-11-07,East,Office Supplies,57.879999999999995
2016-11-07,South,Office Supplies,1361.6309999999999
2016-11-07,West,Furniture,190.72
2016-11-08,West,Technology,491.87
2016-11-08,West,Furniture,66.69
2016-11-08,South,Technology,226.2
2016-11-08,South,Office Supplies,414.613
2016-11-08,South,Furniture,191.25199999999998
2016-11-08,West,Office Supplies,194.66
2016-11-08,East,Office Supplies,149.012
2016-11-08,East,Furniture,4994.4839999999995
2016-11-08,Central,Technology,263.96
2016-11-08,Central,Office Supplies,10.476
2016-11-08,East,Technology,5193.780000000001
2016-11-09,Central,Furniture,1024.38
2016-11-09,Central,Office Supplies,71.52
2016-11-09,East,Office Supplies,286.082
2016-11-09,East,Technology,3235.83
2016-11-09,West,Office Supplies,2.48
2016-11-10,West,Technology,79.9
2016-11-10,East,Office Supplies,577.584
2016-11-10,Central,Office Supplies,2300.21
2016-11-10,Central,Furniture,29.22
2016-11-10,Central,Technology,549.99
2016-11-11,Central,Office Supplies,542.178
2016-11-12,West,Office Supplies,15.7
2016-11-12,Central,Office Supplies,304.22400000000005
2016-11-12,East,Office Supplies,15.56
2016-11-12,South,Furniture,670.0559999999999
2016-11-12,South,Office Supplies,21.66
2016-11-12,South,Technology,100.792
2016-11-13,South,Technology,111.96
2016-11-13,West,Technology,578.856
2016-11-13,West,Office Supplies,36.882
2016-11-13,West,Furniture,166.34
2016-11-13,East,Technology,467.95000000000005
2016-11-13,South,Office Supplies,321.36
2016-11-13,East,Furniture,299.97
2016-11-13,Central,Technology,50.97
2016-11-13,Central,Office Supplies,159.85
2016-11-13,Central,Furniture,631.4952
2016-11-13,East,Office Supplies,42.28
2016-11-14,West,Technology,251.144
2016-11-14,West,Office Supplies,8.72
2016-11-14,West,Furniture,1114.192
2016-11-14,South,Office Supplies,860.07
2016-11-14,East,Technology,145.484
2016-11-14,East,Office Supplies,56.96
2016-11-14,East,Furniture,76.14
2016-11-15,Central,Office Supplies,270.356
2016-11-15,East,Office Supplies,391.854
2016-11-15,South,Furniture,39.96
2016-11-16,West,Technology,304.776
2016-11-16,West,Office Supplies,18.9
2016-11-16,West,Furniture,696.42
2016-11-16,Central,Office Supplies,201.308
2016-11-16,Central,Technology,1239.9360000000001
2016-11-16,Central,Furniture,1087.744
2016-11-16,East,Office Supplies,523.25
2016-11-17,Central,Furniture,1323.9
2016-11-17,Central,Office Supplies,688.48
2016-11-17,West,Furniture,343.128
2016-11-17,West,Office Supplies,1114.51
2016-11-17,West,Technology,415.968
2016-11-19,East,Office Supplies,5.984
2016-11-19,East,Technology,861.76
2016-11-19,West,Furniture,141.96
2016-11-19,West,Office Supplies,31.08
2016-11-20,West,Furniture,772.1039999999999
2016-11-20,West,Office Supplies,317.016
2016-11-20,South,Office Supplies,87.55000000000001
2016-11-20,West,Technology,86.724
2016-11-20,East,Office Supplies,233.172
2016-11-20,East,Furniture,594.244
2016-11-20,Central,Technology,479.988
2016-11-20,South,Furniture,290.352
2016-11-21,West,Technology,23.344
2016-11-21,West,Office Supplies,408.2
2016-11-21,West,Furniture,141.96
2016-11-21,South,Furniture,18.176
2016-11-21,East,Technology,110.97
2016-11-21,East,Office Supplies,15.88
2016-11-21,East,Furniture,1649.5059999999999
2016-11-21,Central,Technology,917.432
2016-11-21,Central,Office Supplies,81.974
2016-11-21,Central,Furniture,246.1328
2016-11-22,South,Technology,32.985
2016-11-22,South,Office Supplies,58.05
2016-11-22,East,Office Supplies,103.61
2016-11-22,West,Office Supplies,114.37
2016-11-22,Central,Office Supplies,71.354
2016-11-22,Central,Furniture,206.962
2016-11-22,Central,Technology,27.168
2016-11-23,Central,Office Supplies,386.488
2016-11-23,East,Office Supplies,2755.72
2016-11-23,East,Technology,307.98
2016-11-24,West,Furniture,79.76
2016-11-24,West,Office Supplies,1125.024
2016-11-24,West,Technology,13.98
2016-11-25,South,Office Supplies,13.12
2016-11-26,South,Furniture,692.472
2016-11-26,East,Office Supplies,191.62
2016-11-26,Central,Technology,599.99
2016-11-27,East,Furniture,656.018
2016-11-27,East,Office Supplies,284.71000000000004
2016-11-27,East,Technology,1197.672
2016-11-27,South,Furniture,375.4575
2016-11-27,South,Office Supplies,6.24
2016-11-27,South,Technology,83.976
2016-11-27,West,Furniture,283.92
2016-11-27,West,Office Supplies,113.82
2016-11-27,West,Technology,107.97
2016-11-28,West,Office Supplies,53.56
2016-11-28,East,Furniture,461.87
2016-11-28,East,Office Supplies,65.248
2016-11-28,Central,Office Supplies,471.808
2016-11-28,Central,Furniture,164.092
2016-11-28,Central,Technology,647.904
2016-11-29,Central,Furniture,1408.8700000000001
2016-11-29,Central,Office Supplies,1269.214
2016-11-29,Central,Technology,21.48
2016-11-29,West,Office Supplies,60.604
2016-11-30,Central,Office Supplies,3.882
2016-11-30,East,Furniture,681.408
2016-11-30,East,Office Supplies,187.235
2016-11-30,East,Technology,94.92
2016-11-30,South,Furniture,352.83200000000005
2016-11-30,South,Office Supplies,193.76
2016-11-30,South,Technology,177.48
2016-11-30,West,Furniture,80.96
2016-11-30,West,Office Supplies,25.92
2016-12-01,South,Office Supplies,125.64
2016-12-01,West,Office Supplies,362.654
2016-12-01,Central,Furniture,6.688
2016-12-01,Central,Office Supplies,41.620000000000005
2016-12-01,West,Furniture,6593.992
2016-12-03,East,Furniture,2.96
2016-12-03,East,Office Supplies,802.212
2016-12-03,East,Technology,519.124
2016-12-03,South,Furniture,77.952
2016-12-03,South,Office Supplies,105.314
2016-12-03,South,Technology,105.584
2016-12-03,West,Furniture,359.499
2016-12-04,West,Technology,110.352
2016-12-04,West,Office Supplies,288.34
2016-12-04,West,Furniture,61.48
2016-12-04,South,Office Supplies,1643.2440000000001
2016-12-04,East,Furniture,1138.788
2016-12-04,East,Office Supplies,17.94
2016-12-04,East,Technology,1839.71
2016-12-04,Central,Office Supplies,85.96
2016-12-05,West,Technology,39.0
2016-12-05,West,Furniture,44.46
2016-12-05,West,Office Supplies,12.6
2016-12-05,South,Furniture,97.424
2016-12-05,East,Office Supplies,281.144
2016-12-05,Central,Office Supplies,210.06400000000002
2016-12-05,East,Technology,47.984
2016-12-05,East,Furniture,164.646
2016-12-06,West,Office Supplies,2068.5099999999998
2016-12-06,West,Technology,219.184
2016-12-06,South,Technology,173.94
2016-12-06,East,Technology,2105.85
2016-12-06,West,Furniture,206.112
2016-12-06,East,Furniture,184.606
2016-12-06,Central,Technology,999.98
2016-12-06,Central,Office Supplies,2.772
2016-12-06,East,Office Supplies,100.548
2016-12-07,East,Office Supplies,28.048
2016-12-07,East,Technology,773.94
2016-12-07,South,Furniture,283.92
2016-12-07,South,Office Supplies,152.94
2016-12-07,West,Furniture,79.92
2016-12-07,West,Office Supplies,19.53
2016-12-08,West,Office Supplies,237.656
2016-12-08,West,Technology,236.0
2016-12-08,Central,Technology,1838.3600000000001
2016-12-08,Central,Office Supplies,360.712
2016-12-09,Central,Office Supplies,34.02
2016-12-10,West,Office Supplies,62.059999999999995
2016-12-10,South,Office Supplies,27.700000000000003
2016-12-10,East,Technology,960.462
2016-12-10,South,Technology,101.94
2016-12-10,East,Furniture,542.94
2016-12-10,Central,Office Supplies,59.598
2016-12-10,Central,Furniture,993.9200000000001
2016-12-10,East,Office Supplies,331.76
2016-12-11,West,Office Supplies,240.624
2016-12-11,Central,Office Supplies,69.344
2016-12-11,Central,Technology,461.204
2016-12-11,East,Office Supplies,10.332
2016-12-11,South,Office Supplies,209.448
2016-12-11,West,Furniture,541.862
2016-12-11,West,Technology,58.08
2016-12-12,West,Technology,299.94
2016-12-12,West,Office Supplies,602.898
2016-12-12,East,Office Supplies,8.22
2016-12-12,West,Furniture,515.428
2016-12-12,Central,Technology,22.368
2016-12-13,East,Office Supplies,57.32000000000001
2016-12-13,West,Office Supplies,186.6
2016-12-13,West,Technology,779.466
2016-12-14,West,Office Supplies,8.096
2016-12-14,West,Furniture,44.46
2016-12-14,West,Technology,369.968
2016-12-14,South,Furniture,6.16
2016-12-14,South,Office Supplies,60.059999999999995
2016-12-15,East,Furniture,262.864
2016-12-15,East,Office Supplies,3.28
2016-12-15,East,Technology,3927.3419999999996
2016-12-15,South,Technology,246.168
2016-12-15,West,Office Supplies,155.232
2016-12-15,West,Technology,899.91
2016-12-16,West,Office Supplies,4.98
2016-12-17,West,Technology,135.984
2016-12-17,West,Office Supplies,314.21
2016-12-17,Central,Furniture,1245.6419999999998
2016-12-17,Central,Office Supplies,222.656
2016-12-18,East,Office Supplies,667.512
2016-12-18,East,Technology,166.24
2016-12-18,South,Furniture,20.32
2016-12-18,South,Office Supplies,74.368
2016-12-18,West,Office Supplies,6.848
2016-12-19,Central,Office Supplies,128.36
2016-12-19,Central,Technology,183.864
2016-12-19,East,Furniture,1053.164
2016-12-19,East,Office Supplies,563.548
2016-12-19,East,Technology,2249.91
2016-12-19,West,Technology,1941.81
2016-12-20,South,Office Supplies,47.966
2016-12-20,West,Furniture,14.368
2016-12-20,East,Office Supplies,55.48
2016-12-20,West,Office Supplies,25.04
2016-12-20,Central,Office Supplies,88.8
2016-12-20,Central,Technology,516.752
2016-12-20,Central,Furniture,359.058
2016-12-21,West,Office Supplies,60.984
2016-12-21,West,Technology,99.6
2016-12-21,South,Technology,98.856
2016-12-21,South,Office Supplies,27.312
2016-12-21,West,Furniture,1618.37
2016-12-21,Central,Technology,1237.97
2016-12-21,Central,Office Supplies,59.904
2016-12-21,Central,Furniture,51.756
2016-12-21,East,Office Supplies,3.008
2016-12-22,Central,Office Supplies,17.12
2016-12-22,East,Furniture,422.625
2016-12-22,East,Office Supplies,33.568
2016-12-23,South,Office Supplies,194.32
2016-12-24,West,Furniture,1481.6100000000001
2016-12-24,West,Office Supplies,186.128
2016-12-24,West,Technology,111.984
2016-12-24,East,Technology,479.988
2016-12-24,East,Furniture,72.704
2016-12-24,Central,Technology,4899.93
2016-12-24,Central,Furniture,9.68
2016-12-24,East,Office Supplies,242.542
2016-12-25,West,Technology,1199.96
2016-12-25,West,Office Supplies,40.5
2016-12-25,South,Office Supplies,177.484
2016-12-25,East,Technology,843.9
2016-12-25,South,Furniture,275.88
2016-12-25,East,Furniture,996.704
2016-12-25,Central,Technology,73.98
2016-12-25,Central,Office Supplies,20.62
2016-12-25,Central,Furniture,160.98
2016-12-25,East,Office Supplies,414.96
2016-12-26,Central,Furniture,275.058
2016-12-26,East,Furniture,51.588
2016-12-26,East,Office Supplies,234.83999999999997
2016-12-27,South,Office Supplies,127.932
2016-12-27,West,Technology,676.0799999999999
2016-12-27,West,Office Supplies,451.62
2016-12-27,South,Technology,77.472
2016-12-27,South,Furniture,184.45600000000002
2016-12-27,East,Office Supplies,404.73199999999997
2016-12-27,East,Furniture,1548.99
2016-12-27,Central,Technology,611.068
2016-12-27,Central,Office Supplies,321.64
2016-12-27,Central,Furniture,744.4572
2016-12-28,Central,Office Supplies,24.816
2016-12-28,East,Technology,54.384
2016-12-30,West,Office Supplies,414.9
2016-12-30,West,Technology,2836.44
2016-12-31,West,Office Supplies,487.984
2016-12-31,South,Office Supplies,596.48
2016-12-31,Central,Furniture,14.76
2016-12-31,Central,Office Supplies,282.12
2017-01-02,East,Furniture,173.94
2017-01-02,East,Technology,231.98
2017-01-03,Central,Technology,376.64
2017-01-03,Central,Furniture,1592.85
2017-01-03,Central,Office Supplies,11.88
2017-01-03,West,Office Supplies,114.46
2017-01-04,South,Technology,959.968
2017-01-04,East,Office Supplies,109.252
2017-01-05,South,Office Supplies,5.248
2017-01-05,South,Technology,250.656
2017-01-07,Central,Furniture,23.076
2017-01-07,Central,Office Supplies,25.92
2017-01-07,West,Office Supplies,34.58
2017-01-08,South,Technology,108.784
2017-01-08,South,Office Supplies,78.444
2017-01-08,Central,Furniture,1565.88
2017-01-08,Central,Office Supplies,106.05
2017-01-09,East,Furniture,15.168
2017-01-09,West,Technology,727.8779999999999
2017-01-10,West,Furniture,104.77000000000001
2017-01-10,West,Technology,69.98
2017-01-11,East,Office Supplies,78.864
2017-01-11,East,Furniture,54.992
2017-01-11,East,Technology,15.588
2017-01-14,South,Office Supplies,89.568
2017-01-14,South,Furniture,315.776
2017-01-15,East,Technology,254.97
2017-01-15,East,Furniture,181.797
2017-01-15,East,Office Supplies,265.156
2017-01-16,West,Office Supplies,11.648
2017-01-16,West,Technology,90.57
2017-01-17,East,Furniture,322.59
2017-01-17,East,Technology,401.96000000000004
2017-01-17,South,Technology,316.0
2017-01-21,West,Furniture,1167.056
2017-01-22,West,Office Supplies,78.00999999999999
2017-01-22,West,Furniture,109.9
2017-01-22,South,Office Supplies,64.864
2017-01-22,East,Technology,165.55200000000002
2017-01-22,East,Office Supplies,33.896
2017-01-22,South,Furniture,465.408
2017-01-23,West,Furniture,59.99
2017-01-23,East,Office Supplies,1572.33
2017-01-23,East,Technology,99.98
2017-01-24,South,Office Supplies,31.36
2017-01-25,East,Office Supplies,499.01
2017-01-25,East,Furniture,359.702
2017-01-28,West,Office Supplies,39.68
2017-01-30,Central,Furniture,626.1
2017-01-30,Central,Office Supplies,158.24
2017-01-30,Central,Technology,1439.968
2017-01-30,West,Furniture,483.748
2017-01-30,West,Office Supplies,399.26
2017-01-31,Central,Office Supplies,15.552
2017-01-31,East,Office Supplies,23.36
2017-01-31,South,Office Supplies,1396.35
2017-01-31,West,Office Supplies,56.7
2017-01-31,West,Technology,109.592
2017-02-01,West,Office Supplies,105.52
2017-02-01,South,Office Supplies,56.45
2017-02-02,South,Furniture,18.69
2017-02-02,South,Office Supplies,36.4
2017-02-02,Central,Furniture,73.784
2017-02-02,East,Office Supplies,117.96
2017-02-02,South,Technology,8749.95
2017-02-03,South,Furniture,866.4
2017-02-04,West,Furniture,14.368
2017-02-04,West,Office Supplies,93.02
2017-02-04,East,Technology,90.48
2017-02-05,South,Furniture,258.82
2017-02-05,South,Office Supplies,1227.01
2017-02-05,South,Technology,589.68
2017-02-05,West,Furniture,557.728
2017-02-05,West,Office Supplies,201.26999999999998
2017-02-05,West,Technology,159.968
2017-02-06,South,Furniture,132.224
2017-02-07,West,Technology,623.96
2017-02-07,South,Technology,100.0
2017-02-07,South,Office Supplies,7.83
2017-02-07,East,Office Supplies,30.352
2017-02-08,Central,Furniture,241.5
2017-02-08,South,Technology,1127.976
2017-02-09,West,Technology,121.83
2017-02-11,Central,Technology,69.93
2017-02-12,South,Office Supplies,1366.04
2017-02-13,West,Office Supplies,146.82
2017-02-14,South,Office Supplies,264.18
2017-02-14,East,Office Supplies,12.75
2017-02-14,East,Furniture,560.991
2017-02-15,East,Office Supplies,407.072
2017-02-16,Central,Furniture,62.958
2017-02-16,Central,Office Supplies,104.22399999999999
2017-02-16,East,Furniture,554.606
2017-02-16,East,Technology,89.97
2017-02-16,South,Furniture,318.08
2017-02-16,South,Office Supplies,5.8
2017-02-19,West,Office Supplies,70.88
2017-02-19,East,Office Supplies,277.32
2017-02-19,East,Furniture,44.46
2017-02-20,South,Office Supplies,16.496
2017-02-21,East,Furniture,204.75
2017-02-21,East,Office Supplies,296.37
2017-02-21,East,Technology,39.98
2017-02-21,South,Office Supplies,471.07800000000003
2017-02-21,West,Office Supplies,498.95799999999997
2017-02-21,West,Technology,12.99
2017-02-22,West,Office Supplies,10.65
2017-02-22,West,Technology,482.2
2017-02-22,Central,Office Supplies,490.32
2017-02-23,East,Office Supplies,57.576
2017-02-25,East,Office Supplies,46.72
2017-02-27,Central,Furniture,16.192
2017-02-27,Central,Office Supplies,56.82
2017-02-27,East,Office Supplies,170.88
2017-02-28,East,Office Supplies,147.584
2017-03-01,West,Technology,159.984
2017-03-01,East,Technology,4899.93
2017-03-01,East,Furniture,836.592
2017-03-01,East,Office Supplies,389.3
2017-03-03,Central,Furniture,1201.326
2017-03-03,Central,Office Supplies,4011.76
2017-03-03,Central,Technology,896.456
2017-03-03,East,Office Supplies,614.3
2017-03-03,East,Technology,479.95
2017-03-03,West,Furniture,35.28
2017-03-03,West,Office Supplies,25.35
2017-03-04,West,Office Supplies,16.99
2017-03-04,South,Office Supplies,10.08
2017-03-04,East,Technology,159.98
2017-03-04,Central,Office Supplies,128.4
2017-03-05,Central,Office Supplies,162.344
2017-03-06,Central,Furniture,305.02
2017-03-06,Central,Office Supplies,4.062
2017-03-06,East,Office Supplies,2.043
2017-03-06,East,Technology,500.178
2017-03-07,Central,Technology,21.072
2017-03-08,West,Office Supplies,9.702
2017-03-08,South,Technology,1363.96
2017-03-08,South,Furniture,102.36
2017-03-08,East,Technology,108.576
2017-03-08,Central,Technology,27.96
2017-03-08,East,Furniture,113.6
2017-03-08,Central,Office Supplies,376.252
2017-03-08,East,Office Supplies,88.4
2017-03-09,East,Office Supplies,80.95
2017-03-09,East,Furniture,354.9
2017-03-09,East,Technology,199.75
2017-03-10,West,Technology,7543.362
2017-03-10,West,Office Supplies,119.596
2017-03-10,East,Technology,39.992
2017-03-10,East,Furniture,176.784
2017-03-11,Central,Office Supplies,17.46
2017-03-11,Central,Technology,45.98
2017-03-11,East,Furniture,274.342
2017-03-11,South,Furniture,76.92
2017-03-11,South,Office Supplies,481.32
2017-03-12,East,Office Supplies,29.34
2017-03-12,South,Office Supplies,12.96
2017-03-12,West,Furniture,770.352
2017-03-12,West,Office Supplies,881.99
2017-03-13,West,Office Supplies,5121.694
2017-03-13,West,Furniture,28.28
2017-03-13,South,Office Supplies,206.32
2017-03-13,South,Furniture,127.88
2017-03-13,West,Technology,203.184
2017-03-13,East,Office Supplies,794.9369999999999
2017-03-13,East,Furniture,386.68
2017-03-13,Central,Office Supplies,71.352
2017-03-13,Central,Furniture,557.585
2017-03-13,East,Technology,1368.97
2017-03-14,Central,Furniture,258.072
2017-03-14,Central,Office Supplies,150.728
2017-03-14,East,Furniture,21.88
2017-03-14,West,Furniture,196.784
2017-03-14,West,Office Supplies,41.904
2017-03-15,West,Office Supplies,4.544
2017-03-15,West,Furniture,1352.032
2017-03-15,East,Technology,83.976
2017-03-15,South,Office Supplies,365.44
2017-03-17,East,Furniture,971.5
2017-03-17,East,Office Supplies,1174.0700000000002
2017-03-17,East,Technology,129.98
2017-03-17,West,Technology,84.784
2017-03-18,South,Furniture,189.882
2017-03-18,South,Office Supplies,871.8
2017-03-19,East,Furniture,35.3
2017-03-19,South,Office Supplies,31.086
2017-03-19,West,Furniture,72.294
2017-03-20,West,Technology,84.784
2017-03-20,West,Office Supplies,47.925000000000004
2017-03-20,Central,Technology,11.992
2017-03-20,South,Furniture,86.45
2017-03-20,Central,Furniture,697.16
2017-03-21,Central,Furniture,627.8019999999999
2017-03-21,Central,Office Supplies,17.904
2017-03-22,West,Furniture,167.888
2017-03-22,West,Technology,58.58
2017-03-24,East,Office Supplies,18.656
2017-03-24,West,Technology,403.168
2017-03-24,Central,Office Supplies,22.48
2017-03-24,East,Furniture,301.47
2017-03-25,Central,Technology,1287.45
2017-03-25,East,Office Supplies,59.52
2017-03-26,East,Office Supplies,459.95
2017-03-26,South,Office Supplies,67.64
2017-03-26,South,Technology,119.976
2017-03-26,West,Office Supplies,34.68
2017-03-27,South,Furniture,60.16
2017-03-27,South,Office Supplies,32.54
2017-03-28,West,Office Supplies,93.9
2017-03-28,South,Office Supplies,31.4
2017-03-29,Central,Furniture,844.116
2017-03-29,Central,Office Supplies,45.528
2017-03-29,Central,Technology,812.736
2017-03-29,East,Furniture,713.975
2017-03-29,East,Office Supplies,84.608
2017-03-29,East,Technology,158.376
2017-03-30,East,Office Supplies,11.34
2017-03-31,East,Furniture,327.996
2017-03-31,East,Technology,312.76599999999996
2017-04-01,Central,Technology,12.99
2017-04-01,East,Furniture,1317.492
2017-04-01,East,Office Supplies,727.134
2017-04-01,East,Technology,35.12
2017-04-01,South,Furniture,7.04
2017-04-01,West,Office Supplies,61.70399999999999
2017-04-02,Central,Furniture,1454.9
2017-04-03,East,Office Supplies,99.846
2017-04-03,Central,Technology,259.96
2017-04-03,Central,Office Supplies,10.272
2017-04-03,Central,Furniture,71.12
2017-04-04,East,Furniture,82.64
2017-04-04,East,Office Supplies,619.804
2017-04-04,East,Technology,89.97
2017-04-04,South,Office Supplies,27.81
2017-04-04,South,Technology,149.97
2017-04-05,East,Office Supplies,769.184
2017-04-05,East,Technology,118.782
2017-04-05,Central,Office Supplies,158.368
2017-04-06,East,Technology,1294.75
2017-04-07,East,Furniture,658.746
2017-04-07,East,Office Supplies,41.58
2017-04-07,West,Technology,1199.976
2017-04-08,South,Office Supplies,73.84
2017-04-08,West,Office Supplies,97.95999999999998
2017-04-08,West,Furniture,24.7
2017-04-08,South,Furniture,514.8199999999999
2017-04-08,East,Office Supplies,189.676
2017-04-08,East,Furniture,388.704
2017-04-08,Central,Technology,431.928
2017-04-08,Central,Office Supplies,1088.792
2017-04-08,Central,Furniture,95.984
2017-04-09,Central,Office Supplies,5.28
2017-04-09,Central,Technology,517.9
2017-04-09,West,Furniture,556.665
2017-04-09,West,Office Supplies,35.352
2017-04-10,West,Office Supplies,928.1220000000001
2017-04-10,Central,Office Supplies,13.568
2017-04-10,East,Office Supplies,8.904
2017-04-12,South,Furniture,343.92
2017-04-12,South,Office Supplies,296.698
2017-04-12,West,Furniture,832.64
2017-04-12,West,Office Supplies,69.27199999999999
2017-04-13,West,Office Supplies,6.12
2017-04-14,West,Furniture,1317.336
2017-04-14,West,Office Supplies,42.976
2017-04-14,East,Office Supplies,25.06
2017-04-14,South,Office Supplies,81.2
2017-04-15,Central,Office Supplies,41.528
2017-04-15,South,Office Supplies,194.356
2017-04-15,South,Technology,700.704
2017-04-15,West,Furniture,1121.568
2017-04-15,West,Office Supplies,143.7
2017-04-16,West,Office Supplies,28.8
2017-04-16,South,Technology,35.168
2017-04-16,South,Office Supplies,135.928
2017-04-16,East,Office Supplies,25.3
2017-04-16,East,Furniture,9.96
2017-04-16,East,Technology,9099.93
2017-04-17,Central,Office Supplies,29.05
2017-04-17,South,Furniture,97.744
2017-04-17,South,Technology,36.792
2017-04-17,West,Furniture,257.499
2017-04-18,South,Technology,29.56
2017-04-18,South,Office Supplies,203.92
2017-04-18,East,Office Supplies,13.83
2017-04-18,Central,Furniture,472.252
2017-04-18,Central,Office Supplies,1794.9759999999999
2017-04-19,East,Furniture,205.176
2017-04-19,East,Office Supplies,1026.46
2017-04-19,East,Technology,25.98
2017-04-19,West,Office Supplies,116.556
2017-04-19,West,Technology,39.96
2017-04-21,East,Office Supplies,67.32000000000001
2017-04-21,West,Office Supplies,8.32
2017-04-21,Central,Office Supplies,195.976
2017-04-22,Central,Furniture,86.62
2017-04-22,Central,Office Supplies,23.952
2017-04-22,East,Office Supplies,35.010000000000005
2017-04-22,West,Furniture,1327.75
2017-04-22,West,Office Supplies,292.13300000000004
2017-04-23,West,Technology,99.99
2017-04-23,East,Office Supplies,242.56
2017-04-23,South,Office Supplies,36.24
2017-04-23,West,Office Supplies,341.578
2017-04-24,West,Office Supplies,22.644
2017-04-24,Central,Technology,258.696
2017-04-24,West,Furniture,1325.76
2017-04-25,East,Office Supplies,25.62
2017-04-25,East,Technology,82.8
2017-04-26,East,Furniture,434.646
2017-04-28,Central,Furniture,30.344
2017-04-28,Central,Office Supplies,15.712
2017-04-28,Central,Technology,369.576
2017-04-28,West,Furniture,41.568
2017-04-28,West,Office Supplies,29.472
2017-04-30,Central,Furniture,22.608
2017-04-30,East,Office Supplies,7.712
2017-04-30,West,Furniture,111.888
2017-05-01,South,Furniture,370.62
2017-05-01,South,Office Supplies,147.246
2017-05-02,South,Furniture,187.056
2017-05-02,East,Office Supplies,90.51599999999999
2017-05-02,Central,Furniture,366.744
2017-05-02,Central,Office Supplies,123.0
2017-05-03,East,Technology,789.433
2017-05-03,East,Office Supplies,201.64
2017-05-03,Central,Office Supplies,55.971999999999994
2017-05-03,East,Furniture,51.968
2017-05-05,South,Furniture,16.72
2017-05-05,South,Office Supplies,186.74
2017-05-05,South,Technology,177.48
2017-05-05,West,Furniture,2055.744
2017-05-05,West,Office Supplies,18.428
2017-05-05,West,Technology,246.168
2017-05-06,West,Furniture,41.6
2017-05-06,Central,Office Supplies,57.687999999999995
2017-05-06,Central,Technology,26.176
2017-05-06,East,Furniture,54.712
2017-05-06,East,Office Supplies,56.784
2017-05-07,East,Office Supplies,129.632
2017-05-07,East,Technology,4199.9
2017-05-07,East,Furniture,506.444
2017-05-08,West,Office Supplies,17.94
2017-05-08,East,Technology,58.112
2017-05-08,East,Furniture,211.96
2017-05-08,East,Office Supplies,1052.232
2017-05-09,Central,Office Supplies,1013.7919999999999
2017-05-09,Central,Technology,19.136
2017-05-09,East,Office Supplies,96.704
2017-05-09,South,Office Supplies,27.86
2017-05-09,West,Office Supplies,32.04
2017-05-09,West,Technology,93.98
2017-05-10,Central,Office Supplies,7.072
2017-05-10,East,Technology,743.988
2017-05-10,West,Office Supplies,11.96
2017-05-11,West,Office Supplies,5.98
2017-05-12,West,Technology,120.0
2017-05-12,West,Office Supplies,63.57
2017-05-12,South,Office Supplies,10.96
2017-05-12,East,Office Supplies,82.368
2017-05-12,East,Furniture,10.02
2017-05-12,East,Technology,631.96
2017-05-14,East,Furniture,79.384
2017-05-14,South,Furniture,30.192
2017-05-14,South,Office Supplies,117.226
2017-05-14,South,Technology,43.6
2017-05-14,West,Technology,185.528
2017-05-15,East,Office Supplies,29.008
2017-05-15,South,Office Supplies,619.904
2017-05-16,East,Office Supplies,552.56
2017-05-16,West,Furniture,282.84
2017-05-16,West,Office Supplies,45.06
2017-05-17,East,Office Supplies,79.79
2017-05-17,East,Furniture,173.24
2017-05-17,South,Office Supplies,29.97
2017-05-17,Central,Furniture,22.608
2017-05-17,Central,Office Supplies,41.314
2017-05-18,West,Office Supplies,122.22
2017-05-19,South,Furniture,641.96
2017-05-19,East,Office Supplies,745.544
2017-05-19,West,Office Supplies,97.424
2017-05-19,Central,Office Supplies,21.4
2017-05-19,East,Furniture,75.68
2017-05-20,West,Furniture,1049.2
2017-05-20,West,Office Supplies,56.059
2017-05-20,South,Office Supplies,2.694
2017-05-20,South,Technology,1363.96
2017-05-21,West,Technology,2517.8360000000002
2017-05-21,Central,Office Supplies,88.418
2017-05-21,East,Office Supplies,111.96
2017-05-22,East,Furniture,174.286
2017-05-22,East,Office Supplies,689.72
2017-05-22,East,Technology,698.08
2017-05-22,South,Office Supplies,14.73
2017-05-22,West,Technology,222.384
2017-05-23,West,Furniture,37.05
2017-05-23,East,Technology,8522.358
2017-05-23,South,Office Supplies,4.98
2017-05-23,Central,Technology,1979.928
2017-05-23,East,Office Supplies,16.662
2017-05-24,East,Office Supplies,16.656
2017-05-24,South,Office Supplies,261.1
2017-05-25,South,Furniture,24.96
2017-05-25,South,Office Supplies,1287.01
2017-05-26,West,Furniture,484.704
2017-05-26,West,Technology,583.144
2017-05-26,West,Office Supplies,51.3
2017-05-26,South,Technology,47.92
2017-05-26,South,Office Supplies,184.704
2017-05-26,East,Furniture,41.37
2017-05-26,Central,Technology,63.992
2017-05-26,Central,Office Supplies,24.72
2017-05-26,Central,Furniture,415.37
2017-05-26,East,Office Supplies,78.132
2017-05-27,Central,Furniture,3535.6600000000003
2017-05-27,Central,Office Supplies,1756.038
2017-05-27,West,Office Supplies,13.38
2017-05-28,South,Furniture,390.272
2017-05-28,West,Technology,690.0
2017-05-28,West,Office Supplies,467.68
2017-05-28,Central,Technology,286.4
2017-05-28,East,Office Supplies,54.9
2017-05-28,South,Office Supplies,248.072
2017-05-29,South,Technology,979.95
2017-05-29,South,Furniture,44.76
2017-05-29,South,Office Supplies,38.475
2017-05-30,South,Technology,2091.68
2017-05-30,South,Office Supplies,91.932
2017-05-30,West,Office Supplies,111.62
2017-05-30,West,Furniture,969.408
2017-05-30,South,Furniture,2275.5
2017-05-30,Central,Technology,429.90999999999997
2017-05-30,East,Office Supplies,123.92
2017-05-30,East,Technology,839.988
2017-05-30,Central,Office Supplies,1109.22
2017-05-30,Central,Furniture,47.4
2017-05-31,Central,Furniture,223.143
2017-05-31,Central,Office Supplies,28.863999999999997
2017-05-31,East,Office Supplies,7.152
2017-05-31,East,Technology,179.7
2017-06-02,West,Office Supplies,93.06
2017-06-02,East,Office Supplies,64.784
2017-06-04,Central,Furniture,612.637
2017-06-04,Central,Office Supplies,33.328
2017-06-04,Central,Technology,31.984
2017-06-04,East,Furniture,197.904
2017-06-04,East,Office Supplies,14.94
2017-06-04,East,Technology,1349.85
2017-06-04,South,Office Supplies,75.88
2017-06-05,West,Office Supplies,141.172
2017-06-05,East,Office Supplies,518.648
2017-06-06,Central,Technology,328.224
2017-06-06,East,Office Supplies,819.8199999999999
2017-06-06,South,Office Supplies,148.71
2017-06-06,South,Technology,530.16
2017-06-06,West,Office Supplies,121.95
2017-06-06,West,Technology,3528.488
2017-06-07,East,Office Supplies,42.048
2017-06-07,West,Office Supplies,9.514
2017-06-09,Central,Furniture,692.94
2017-06-09,South,Technology,695.7
2017-06-09,West,Furniture,122.352
2017-06-09,West,Technology,177.48
2017-06-10,East,Office Supplies,23.616
2017-06-10,West,Furniture,1335.68
2017-06-10,West,Office Supplies,53.099999999999994
2017-06-11,West,Office Supplies,68.604
2017-06-11,West,Technology,389.97
2017-06-11,West,Furniture,902.712
2017-06-11,Central,Office Supplies,9.616
2017-06-11,East,Technology,239.97
2017-06-11,Central,Furniture,12.544
2017-06-12,South,Office Supplies,224.9
2017-06-12,East,Technology,68.04
2017-06-12,East,Office Supplies,517.92
2017-06-12,West,Office Supplies,213.46
2017-06-12,Central,Technology,1007.979
2017-06-12,Central,Office Supplies,496.868
2017-06-12,Central,Furniture,386.356
2017-06-12,East,Furniture,47.04
2017-06-13,Central,Office Supplies,18.9
2017-06-13,Central,Technology,377.97
2017-06-13,East,Office Supplies,33.568
2017-06-14,West,Office Supplies,15.68
2017-06-14,East,Furniture,337.176
2017-06-14,South,Office Supplies,39.936
2017-06-14,South,Technology,18.464
2017-06-14,West,Furniture,3016.553
2017-06-14,West,Technology,29.29
2017-06-15,Central,Office Supplies,173.488
2017-06-16,East,Office Supplies,9.45
2017-06-16,South,Technology,91.475
2017-06-16,West,Office Supplies,46.35
2017-06-17,East,Furniture,696.2760000000001
2017-06-17,East,Office Supplies,364.22
2017-06-17,East,Technology,596.97
2017-06-17,West,Furniture,989.154
2017-06-17,West,Office Supplies,354.3
2017-06-18,East,Office Supplies,465.074
2017-06-18,Central,Office Supplies,76.864
2017-06-19,West,Office Supplies,17.12
2017-06-20,West,Office Supplies,292.23199999999997
2017-06-20,Central,Furniture,57.69
2017-06-20,Central,Office Supplies,10.368
2017-06-20,Central,Technology,102.86800000000001
2017-06-20,East,Office Supplies,538.022
2017-06-20,East,Technology,66.8
2017-06-20,West,Furniture,161.568
2017-06-21,East,Office Supplies,222.704
2017-06-21,Central,Office Supplies,0.836
2017-06-21,East,Furniture,353.568
2017-06-23,East,Office Supplies,1477.1599999999999
2017-06-23,West,Office Supplies,135.59
2017-06-23,West,Technology,862.344
2017-06-24,Central,Office Supplies,8.712
2017-06-24,Central,Technology,440.91
2017-06-24,West,Office Supplies,346.28999999999996
2017-06-24,West,Technology,4515.04
2017-06-25,Central,Furniture,117.958
2017-06-25,East,Furniture,422.058
2017-06-25,East,Office Supplies,292.44
2017-06-25,West,Office Supplies,60.81
2017-06-26,East,Technology,160.93
2017-06-26,West,Office Supplies,262.1
2017-06-26,West,Furniture,22.14
2017-06-26,South,Technology,135.95
2017-06-26,East,Office Supplies,733.85
2017-06-26,East,Furniture,37.74
2017-06-26,Central,Technology,13.616
2017-06-26,Central,Office Supplies,553.274
2017-06-27,Central,Furniture,539.658
2017-06-27,Central,Office Supplies,37.464
2017-06-27,West,Technology,201.584
2017-06-28,Central,Technology,359.976
2017-06-28,East,Furniture,121.96
2017-06-28,East,Office Supplies,353.9
2017-06-28,West,Office Supplies,41.32
2017-06-29,South,Office Supplies,191.88
2017-06-30,Central,Technology,50.12
2017-06-30,South,Furniture,1266.86
2017-06-30,South,Office Supplies,35.97
2017-07-01,West,Office Supplies,2.496
2017-07-01,South,Office Supplies,85.5
2017-07-01,West,Technology,1499.95
2017-07-01,East,Office Supplies,105.59
2017-07-01,East,Technology,30.84
2017-07-02,West,Furniture,195.184
2017-07-02,South,Office Supplies,7.7
2017-07-02,Central,Office Supplies,41.472
2017-07-02,Central,Furniture,528.43
2017-07-03,East,Office Supplies,830.78
2017-07-03,West,Office Supplies,16.92
2017-07-04,West,Furniture,1329.9650000000001
2017-07-04,West,Office Supplies,71.88
2017-07-04,West,Technology,249.456
2017-07-07,West,Technology,2799.96
2017-07-07,West,Office Supplies,107.88
2017-07-07,West,Furniture,503.61800000000005
2017-07-07,South,Office Supplies,45.584
2017-07-07,Central,Office Supplies,26.32
2017-07-07,East,Office Supplies,25.215
2017-07-07,Central,Furniture,313.66
2017-07-07,East,Technology,59.994
2017-07-08,West,Furniture,662.88
2017-07-08,West,Technology,107.984
2017-07-08,South,Technology,823.96
2017-07-08,West,Office Supplies,81.488
2017-07-08,East,Office Supplies,12.96
2017-07-08,Central,Technology,863.64
2017-07-08,Central,Office Supplies,47.616
2017-07-08,South,Office Supplies,15.984
2017-07-09,East,Furniture,573.286
2017-07-10,Central,Office Supplies,492.28000000000003
2017-07-10,East,Technology,341.991
2017-07-10,West,Office Supplies,61.624
2017-07-12,West,Technology,95.76
2017-07-14,West,Technology,491.24
2017-07-14,West,Office Supplies,151.62
2017-07-14,West,Furniture,30.8
2017-07-14,South,Technology,29.0
2017-07-14,South,Office Supplies,36.4
2017-07-14,East,Furniture,579.136
2017-07-14,East,Office Supplies,140.23
2017-07-14,Central,Technology,419.944
2017-07-14,Central,Office Supplies,219.84
2017-07-14,South,Furniture,51.75
2017-07-15,West,Furniture,230.28
2017-07-15,West,Office Supplies,149.92
2017-07-16,South,Office Supplies,123.19999999999999
2017-07-16,South,Technology,75.98
2017-07-16,East,Technology,638.358
2017-07-16,Central,Furniture,9.552
2017-07-16,Central,Office Supplies,57.239999999999995
2017-07-16,East,Office Supplies,5.84
2017-07-17,Central,Office Supplies,589.52
2017-07-17,East,Office Supplies,264.08
2017-07-17,East,Technology,597.0
2017-07-17,West,Furniture,37.17
2017-07-17,West,Office Supplies,247.926
2017-07-17,West,Technology,449.18399999999997
2017-07-18,West,Technology,55.992
2017-07-18,West,Office Supplies,967.28
2017-07-18,West,Furniture,1398.3600000000001
2017-07-18,East,Office Supplies,313.84
2017-07-18,Central,Technology,15.576
2017-07-18,South,Furniture,140.81
2017-07-19,South,Furniture,690.48
2017-07-19,South,Office Supplies,420.02000000000004
2017-07-19,West,Technology,425.954
2017-07-20,East,Technology,89.95
2017-07-21,West,Office Supplies,423.04999999999995
2017-07-21,South,Office Supplies,6.264
2017-07-21,East,Office Supplies,197.861
2017-07-21,South,Furniture,363.92
2017-07-22,Central,Office Supplies,1027.45
2017-07-22,Central,Technology,109.95
2017-07-22,East,Furniture,39.068
2017-07-22,East,Office Supplies,99.08
2017-07-22,West,Office Supplies,92.5
2017-07-23,Central,Office Supplies,215.064
2017-07-23,Central,Technology,115.136
2017-07-23,South,Office Supplies,58.912000000000006
2017-07-23,South,Technology,265.475
2017-07-24,East,Furniture,253.764
2017-07-24,South,Office Supplies,73.2
2017-07-25,South,Office Supplies,83.83
2017-07-25,West,Office Supplies,178.26600000000002
2017-07-25,West,Furniture,566.628
2017-07-25,South,Furniture,2430.08
2017-07-25,East,Office Supplies,243.88
2017-07-25,East,Technology,1439.976
2017-07-25,Central,Office Supplies,36.647999999999996
2017-07-28,Central,Furniture,327.42
2017-07-28,Central,Office Supplies,130.36
2017-07-28,East,Furniture,177.45
2017-07-28,East,Office Supplies,1379.244
2017-07-28,West,Office Supplies,18.9
2017-07-29,East,Office Supplies,84.784
2017-07-29,South,Office Supplies,734.37
2017-07-30,Central,Office Supplies,1055.136
2017-07-30,West,Office Supplies,715.64
2017-07-31,Central,Furniture,272.94
2017-07-31,Central,Office Supplies,283.14
2017-07-31,Central,Technology,754.95
2017-07-31,West,Furniture,863.128
2017-08-01,West,Office Supplies,45.96
2017-08-01,West,Technology,1039.728
2017-08-01,Central,Office Supplies,19.648
2017-08-01,East,Furniture,19.312
2017-08-02,West,Furniture,136.464
2017-08-02,West,Office Supplies,12.544
2017-08-02,West,Technology,333.576
2017-08-03,Central,Office Supplies,81.54
2017-08-03,Central,Technology,167.28
2017-08-04,West,Technology,302.384
2017-08-04,South,Office Supplies,49.010000000000005
2017-08-04,West,Office Supplies,32.736000000000004
2017-08-04,Central,Office Supplies,3.98
2017-08-04,South,Furniture,109.8
2017-08-05,South,Office Supplies,197.05
2017-08-06,East,Office Supplies,109.22
2017-08-06,West,Technology,211.168
2017-08-07,West,Technology,179.97
2017-08-08,Central,Office Supplies,75.67999999999999
2017-08-08,South,Office Supplies,23.34
2017-08-08,West,Furniture,513.024
2017-08-08,West,Office Supplies,503.16
2017-08-09,South,Technology,44.784
2017-08-09,South,Office Supplies,616.5699999999999
2017-08-11,Central,Office Supplies,151.82
2017-08-12,Central,Office Supplies,6.48
2017-08-12,Central,Technology,1399.944
2017-08-12,East,Furniture,354.91200000000003
2017-08-12,East,Office Supplies,1628.3319999999999
2017-08-12,South,Furniture,562.2925
2017-08-13,Central,Furniture,241.96
2017-08-13,Central,Office Supplies,252.82000000000002
2017-08-13,South,Office Supplies,164.764
2017-08-13,South,Technology,71.98
2017-08-14,East,Technology,787.044
2017-08-14,South,Office Supplies,15.552
2017-08-14,West,Office Supplies,15.54
2017-08-14,West,Technology,105.552
2017-08-15,West,Technology,237.576
2017-08-15,West,Office Supplies,199.82
2017-08-15,West,Furniture,312.03
2017-08-15,South,Technology,705.544
2017-08-15,South,Furniture,225.296
2017-08-16,West,Furniture,161.28
2017-08-16,West,Office Supplies,43.26
2017-08-17,West,Office Supplies,15.712
2017-08-18,East,Office Supplies,355.32
2017-08-18,East,Technology,39.99
2017-08-18,Central,Furniture,14.896
2017-08-18,Central,Office Supplies,85.908
2017-08-19,East,Office Supplies,448.792
2017-08-20,Central,Technology,14.78
2017-08-21,West,Technology,378.914
2017-08-21,East,Furniture,815.292
2017-08-21,South,Office Supplies,37.263999999999996
2017-08-21,West,Furniture,2887.056
2017-08-21,West,Office Supplies,106.59200000000001
2017-08-22,East,Office Supplies,251.15800000000002
2017-08-22,West,Furniture,98.328
2017-08-22,Central,Office Supplies,4.312
2017-08-22,West,Office Supplies,51.552
2017-08-23,West,Office Supplies,229.56
2017-08-23,West,Technology,837.6
2017-08-23,West,Furniture,532.704
2017-08-23,Central,Furniture,22.608
2017-08-23,Central,Technology,668.38
2017-08-23,Central,Office Supplies,805.056
2017-08-23,East,Office Supplies,1091.4399999999998
2017-08-26,West,Office Supplies,179.87
2017-08-26,West,Furniture,1603.136
2017-08-26,South,Furniture,186.54
2017-08-26,East,Technology,330.93399999999997
2017-08-26,South,Office Supplies,31.008
2017-08-26,Central,Technology,897.894
2017-08-26,Central,Office Supplies,20.200000000000003
2017-08-26,Central,Furniture,1472.5559999999998
2017-08-26,East,Office Supplies,152.16
2017-08-27,Central,Office Supplies,208.92000000000002
2017-08-27,East,Furniture,244.615
2017-08-27,East,Office Supplies,245.19
2017-08-27,East,Technology,59.97
2017-08-27,South,Office Supplies,9.216
2017-08-28,West,Technology,108.576
2017-08-28,West,Office Supplies,15.48
2017-08-28,Central,Furniture,156.3728
2017-08-28,Central,Office Supplies,23.164
2017-08-28,East,Office Supplies,18.432
2017-08-29,Central,Office Supplies,66.41199999999999
2017-08-29,Central,Technology,95.976
2017-08-29,East,Furniture,405.79999999999995
2017-08-29,East,Office Supplies,42.0
2017-08-29,East,Technology,22.0
2017-08-30,East,Furniture,786.744
2017-08-30,East,Office Supplies,192.22799999999998
2017-08-30,East,Technology,290.898
2017-08-30,West,Furniture,47.04
2017-08-30,West,Technology,339.96
2017-08-31,Central,Office Supplies,23.968
2017-09-01,West,Office Supplies,34.66
2017-09-01,East,Office Supplies,4490.014
2017-09-01,East,Technology,572.158
2017-09-01,Central,Technology,8.78
2017-09-01,East,Furniture,191.82
2017-09-01,Central,Office Supplies,468.72
2017-09-02,Central,Furniture,84.272
2017-09-02,Central,Office Supplies,83.086
2017-09-02,Central,Technology,1522.46
2017-09-02,East,Furniture,39.98
2017-09-02,East,Office Supplies,75.48
2017-09-02,South,Furniture,472.518
2017-09-02,South,Office Supplies,369.043
2017-09-02,South,Technology,1012.68
2017-09-02,West,Furniture,879.384
2017-09-02,West,Office Supplies,162.142
2017-09-02,West,Technology,2091.148
2017-09-03,East,Technology,280.782
2017-09-03,East,Office Supplies,1291.83
2017-09-03,South,Office Supplies,87.28
2017-09-03,Central,Office Supplies,63.308
2017-09-03,Central,Furniture,282.696
2017-09-03,East,Furniture,359.7
2017-09-04,Central,Office Supplies,618.2579999999999
2017-09-04,Central,Technology,279.95
2017-09-04,East,Furniture,63.94
2017-09-04,East,Office Supplies,83.32
2017-09-04,South,Furniture,42.6
2017-09-04,South,Office Supplies,619.744
2017-09-05,West,Technology,116.0
2017-09-05,West,Office Supplies,112.12
2017-09-05,South,Technology,108.784
2017-09-05,South,Office Supplies,144.86200000000002
2017-09-05,South,Furniture,1652.94
2017-09-05,Central,Office Supplies,733.27
2017-09-05,East,Office Supplies,227.395
2017-09-05,East,Furniture,1184.811
2017-09-05,Central,Technology,278.4
2017-09-05,Central,Furniture,624.1659999999999
2017-09-05,East,Technology,43.6
2017-09-06,South,Office Supplies,99.15599999999999
2017-09-06,East,Furniture,722.352
2017-09-06,East,Technology,31.86
2017-09-06,Central,Technology,329.584
2017-09-06,Central,Office Supplies,130.584
2017-09-08,Central,Furniture,3011.8716000000004
2017-09-08,Central,Office Supplies,237.456
2017-09-08,Central,Technology,117.54400000000001
2017-09-08,East,Furniture,173.94
2017-09-08,East,Office Supplies,222.23999999999998
2017-09-08,South,Office Supplies,64.704
2017-09-08,South,Technology,35.168
2017-09-08,West,Furniture,189.17
2017-09-08,West,Office Supplies,441.89
2017-09-09,Central,Furniture,15.008
2017-09-09,East,Office Supplies,14.624
2017-09-09,West,Office Supplies,55.36
2017-09-10,West,Office Supplies,420.024
2017-09-10,South,Office Supplies,67.56
2017-09-10,South,Technology,519.68
2017-09-10,Central,Technology,719.96
2017-09-10,Central,Furniture,300.93
2017-09-10,East,Office Supplies,66.17
2017-09-11,West,Technology,3347.37
2017-09-11,South,Technology,1599.92
2017-09-11,South,Office Supplies,11.09
2017-09-11,West,Office Supplies,413.63800000000003
2017-09-11,East,Office Supplies,68.396
2017-09-11,Central,Technology,224.75
2017-09-11,Central,Office Supplies,7.9079999999999995
2017-09-11,East,Technology,728.946
2017-09-12,West,Technology,146.952
2017-09-12,Central,Office Supplies,68.52
2017-09-12,East,Furniture,40.48
2017-09-12,South,Furniture,1059.12
2017-09-12,South,Office Supplies,79.24000000000001
2017-09-12,South,Technology,20.7
2017-09-12,West,Furniture,580.2719999999999
2017-09-12,West,Office Supplies,48.508
2017-09-13,Central,Technology,179.92
2017-09-13,Central,Office Supplies,858.3699999999999
2017-09-13,Central,Furniture,1336.44
2017-09-14,East,Office Supplies,673.568
2017-09-14,East,Technology,437.85
2017-09-14,South,Office Supplies,25.92
2017-09-15,East,Office Supplies,846.912
2017-09-15,West,Furniture,1128.39
2017-09-15,West,Office Supplies,125.88
2017-09-16,South,Furniture,121.78
2017-09-16,West,Furniture,273.666
2017-09-16,West,Office Supplies,30.44
2017-09-17,West,Technology,179.168
2017-09-17,West,Office Supplies,38.900000000000006
2017-09-17,West,Furniture,113.888
2017-09-17,South,Technology,396.0
2017-09-17,Central,Office Supplies,33.4
2017-09-17,East,Office Supplies,527.8
2017-09-17,East,Furniture,316.12
2017-09-17,East,Technology,437.85
2017-09-18,West,Office Supplies,368.91
2017-09-18,West,Technology,239.984
2017-09-18,West,Furniture,1687.096
2017-09-18,East,Furniture,797.2260000000001
2017-09-18,South,Furniture,734.418
2017-09-18,East,Office Supplies,7.288
2017-09-18,South,Office Supplies,916.1600000000001
2017-09-19,Central,Furniture,701.372
2017-09-19,Central,Office Supplies,2.308
2017-09-19,East,Furniture,897.952
2017-09-19,East,Office Supplies,1795.69
2017-09-19,South,Office Supplies,5.04
2017-09-19,South,Technology,249.95
2017-09-19,West,Office Supplies,187.0
2017-09-20,West,Furniture,163.88
2017-09-20,Central,Office Supplies,83.7
2017-09-20,East,Office Supplies,393.25
2017-09-20,South,Furniture,115.47999999999999
2017-09-20,West,Office Supplies,475.694
2017-09-22,South,Office Supplies,64.842
2017-09-22,South,Technology,63.936
2017-09-22,South,Furniture,13.28
2017-09-22,West,Furniture,68.432
2017-09-22,Central,Office Supplies,35.88
2017-09-22,Central,Furniture,18.96
2017-09-22,East,Office Supplies,152.732
2017-09-23,East,Furniture,560.704
2017-09-23,East,Office Supplies,39.593
2017-09-23,South,Furniture,368.97
2017-09-23,South,Office Supplies,118.25
2017-09-23,West,Furniture,184.752
2017-09-23,West,Office Supplies,49.876
2017-09-24,West,Office Supplies,899.616
2017-09-24,West,Furniture,647.88
2017-09-24,East,Furniture,155.372
2017-09-24,Central,Office Supplies,455.232
2017-09-24,Central,Furniture,127.95
2017-09-25,Central,Furniture,270.6
2017-09-25,Central,Office Supplies,18.976
2017-09-25,Central,Technology,499.95
2017-09-25,East,Office Supplies,642.016
2017-09-25,West,Furniture,870.831
2017-09-25,West,Office Supplies,81.63
2017-09-26,West,Technology,100.0
2017-09-26,West,Office Supplies,404.32
2017-09-26,West,Furniture,424.9575
2017-09-26,Central,Furniture,1202.523
2017-09-26,Central,Office Supplies,134.39
2017-09-26,South,Technology,431.976
2017-09-27,Central,Furniture,956.6648
2017-09-27,East,Office Supplies,2.907
2017-09-27,South,Office Supplies,31.830000000000002
2017-09-27,West,Technology,1001.584
2017-09-28,Central,Office Supplies,99.136
2017-09-29,West,Technology,859.2
2017-09-29,West,Office Supplies,56.705999999999996
2017-09-29,South,Technology,209.97
2017-09-29,East,Office Supplies,15.936
2017-09-29,Central,Office Supplies,40.88
2017-09-29,South,Office Supplies,88.86
2017-09-30,Central,Office Supplies,1.964
2017-09-30,East,Furniture,523.92
2017-10-01,South,Office Supplies,36.364
2017-10-01,West,Furniture,194.848
2017-10-01,East,Furniture,330.588
2017-10-01,Central,Office Supplies,28.352
2017-10-01,Central,Technology,149.412
2017-10-01,Central,Furniture,41.85
2017-10-02,Central,Office Supplies,836.7900000000001
2017-10-02,Central,Technology,17499.95
2017-10-02,East,Office Supplies,61.44
2017-10-02,West,Office Supplies,54.792
2017-10-03,West,Office Supplies,112.53999999999999
2017-10-03,West,Furniture,915.136
2017-10-03,East,Furniture,599.292
2017-10-03,Central,Office Supplies,15.648
2017-10-03,Central,Furniture,38.08
2017-10-04,Central,Office Supplies,59.752
2017-10-04,East,Furniture,239.372
2017-10-04,East,Office Supplies,149.5
2017-10-04,East,Technology,5399.91
2017-10-04,South,Furniture,11.568
2017-10-04,South,Technology,52.68
2017-10-06,West,Technology,771.6700000000001
2017-10-06,Central,Office Supplies,28.85
2017-10-06,West,Office Supplies,29.880000000000003
2017-10-07,East,Office Supplies,4.928
2017-10-07,West,Office Supplies,131.184
2017-10-07,West,Technology,837.6
2017-10-08,Central,Furniture,51.712
2017-10-08,Central,Office Supplies,60.144
2017-10-08,South,Office Supplies,387.72
2017-10-08,West,Office Supplies,61.96
2017-10-09,East,Furniture,332.832
2017-10-09,East,Office Supplies,19.136
2017-10-09,East,Technology,23.976
2017-10-09,West,Furniture,169.568
2017-10-09,West,Office Supplies,1.408
2017-10-10,West,Furniture,211.666
2017-10-10,West,Technology,15.992
2017-10-10,South,Office Supplies,24.703
2017-10-11,Central,Office Supplies,33.064
2017-10-13,West,Furniture,795.5300000000001
2017-10-13,West,Office Supplies,213.076
2017-10-13,East,Office Supplies,197.41
2017-10-13,Central,Furniture,139.92
2017-10-13,Central,Technology,191.976
2017-10-13,East,Furniture,82.26
2017-10-13,Central,Office Supplies,30.445999999999998
2017-10-14,Central,Technology,1649.75
2017-10-14,East,Office Supplies,111.96
2017-10-14,East,Technology,1091.93
2017-10-14,South,Furniture,102.592
2017-10-14,South,Office Supplies,179.952
2017-10-14,South,Technology,22.704
2017-10-14,West,Technology,177.0
2017-10-15,Central,Office Supplies,1052.77
2017-10-15,Central,Technology,5.5
2017-10-15,South,Office Supplies,342.76
2017-10-15,West,Office Supplies,219.12
2017-10-16,East,Furniture,142.182
2017-10-17,West,Furniture,120.666
2017-10-17,West,Office Supplies,18.16
2017-10-17,East,Office Supplies,315.98
2017-10-17,Central,Technology,449.97
2017-10-17,Central,Office Supplies,1927.59
2017-10-17,East,Furniture,120.98
2017-10-18,West,Furniture,307.92
2017-10-20,West,Furniture,387.136
2017-10-20,Central,Furniture,56.686
2017-10-20,Central,Office Supplies,97.124
2017-10-20,Central,Technology,317.68
2017-10-20,East,Office Supplies,7.152
2017-10-20,South,Furniture,61.1
2017-10-20,West,Office Supplies,19.296
2017-10-21,West,Furniture,262.096
2017-10-21,South,Office Supplies,111.672
2017-10-21,East,Technology,333.312
2017-10-21,West,Office Supplies,5215.746
2017-10-21,East,Furniture,1705.096
2017-10-21,Central,Technology,106.08
2017-10-21,East,Office Supplies,143.27
2017-10-22,West,Office Supplies,15.02
2017-10-22,West,Furniture,101.94
2017-10-22,Central,Furniture,31.4
2017-10-22,South,Furniture,39.92
2017-10-23,Central,Furniture,16.156
2017-10-23,Central,Office Supplies,54.816
2017-10-23,East,Office Supplies,379.4
2017-10-23,West,Office Supplies,17.05
2017-10-24,Central,Office Supplies,15.552
2017-10-24,South,Technology,239.976
2017-10-24,West,Technology,1109.97
2017-10-25,South,Technology,783.96
2017-10-27,East,Furniture,467.844
2017-10-27,East,Office Supplies,83.878
2017-10-27,South,Furniture,290.98
2017-10-27,West,Office Supplies,136.088
2017-10-28,West,Office Supplies,193.556
2017-10-28,South,Office Supplies,93.231
2017-10-28,West,Technology,302.376
2017-10-28,East,Office Supplies,1198.49
2017-10-28,East,Furniture,834.4
2017-10-28,South,Furniture,276.968
2017-10-29,Central,Furniture,67.0
2017-10-29,East,Office Supplies,52.410000000000004
2017-10-29,West,Office Supplies,11.744
2017-10-30,Central,Office Supplies,11.68
2017-10-30,East,Office Supplies,143.702
2017-10-30,West,Office Supplies,3.62
2017-10-31,West,Office Supplies,1085.42
2017-10-31,West,Furniture,1403.92
2017-10-31,South,Office Supplies,32.064
2017-10-31,Central,Office Supplies,367.29
2017-10-31,Central,Furniture,368.97
2017-10-31,East,Furniture,492.835
2017-11-01,Central,Office Supplies,111.672
2017-11-01,Central,Technology,68.112
2017-11-01,South,Office Supplies,251.79
2017-11-01,South,Technology,21.8
2017-11-03,West,Office Supplies,1763.898
2017-11-03,West,Technology,262.94100000000003
2017-11-03,West,Furniture,217.584
2017-11-03,South,Office Supplies,36.730000000000004
2017-11-03,South,Furniture,867.0400000000001
2017-11-03,East,Technology,72.0
2017-11-03,East,Furniture,470.155
2017-11-03,Central,Office Supplies,112.448
2017-11-04,Central,Furniture,77.488
2017-11-04,South,Furniture,926.7959999999999
2017-11-04,South,Office Supplies,241.364
2017-11-04,West,Furniture,1003.306
2017-11-04,West,Office Supplies,953.4639999999999
2017-11-04,West,Technology,686.4
2017-11-05,West,Technology,551.72
2017-11-05,West,Furniture,113.888
2017-11-05,South,Technology,89.97
2017-11-05,South,Furniture,1030.76
2017-11-05,West,Office Supplies,240.498
2017-11-05,Central,Technology,171.96
2017-11-05,Central,Office Supplies,224.322
2017-11-05,Central,Furniture,1819.7928000000002
2017-11-05,East,Technology,23.988
2017-11-06,South,Furniture,243.55200000000002
2017-11-06,South,Office Supplies,124.88
2017-11-06,West,Furniture,319.98400000000004
2017-11-06,West,Office Supplies,84.84
2017-11-07,West,Technology,479.97
2017-11-07,West,Office Supplies,188.56
2017-11-07,West,Furniture,1617.956
2017-11-07,East,Office Supplies,421.524
2017-11-07,Central,Office Supplies,314.088
2017-11-07,Central,Furniture,44.46
2017-11-07,East,Technology,743.906
2017-11-08,South,Furniture,993.9000000000001
2017-11-09,West,Technology,479.97
2017-11-10,East,Technology,1102.808
2017-11-10,West,Furniture,477.44
2017-11-10,South,Office Supplies,41.86
2017-11-10,East,Office Supplies,689.08
2017-11-10,West,Office Supplies,1300.858
2017-11-10,Central,Technology,501.924
2017-11-10,Central,Office Supplies,81.96
2017-11-10,Central,Furniture,379.26
2017-11-10,East,Furniture,148.288
2017-11-11,West,Office Supplies,31.504
2017-11-11,South,Office Supplies,681.432
2017-11-11,East,Technology,95.97
2017-11-11,East,Office Supplies,294.68
2017-11-11,West,Furniture,500.072
2017-11-11,Central,Technology,353.94800000000004
2017-11-11,Central,Office Supplies,14.112
2017-11-11,Central,Furniture,2726.9320000000002
2017-11-11,East,Furniture,245.646
2017-11-12,Central,Furniture,22.752
2017-11-12,Central,Office Supplies,383.14
2017-11-12,East,Furniture,3461.248
2017-11-12,East,Office Supplies,126.848
2017-11-12,West,Furniture,674.352
2017-11-12,West,Office Supplies,10.638
2017-11-12,West,Technology,235.96
2017-11-13,West,Office Supplies,44.02
2017-11-13,West,Furniture,23.72
2017-11-13,South,Office Supplies,52.136
2017-11-13,Central,Office Supplies,3.136
2017-11-13,East,Office Supplies,511.80600000000004
2017-11-13,Central,Furniture,30.36
2017-11-13,East,Technology,2279.96
2017-11-14,South,Technology,499.98
2017-11-14,South,Office Supplies,13.54
2017-11-14,East,Technology,1303.9260000000002
2017-11-14,West,Office Supplies,17.22
2017-11-14,East,Furniture,856.56
2017-11-14,Central,Office Supplies,2.296
2017-11-14,East,Office Supplies,80.53999999999999
2017-11-15,South,Furniture,630.024
2017-11-15,West,Office Supplies,1054.928
2017-11-15,West,Technology,460.76599999999996
2017-11-16,West,Office Supplies,36.72
2017-11-17,Central,Office Supplies,15.232
2017-11-17,Central,Technology,67.176
2017-11-17,West,Office Supplies,60.275999999999996
2017-11-18,West,Office Supplies,128.96
2017-11-18,West,Technology,656.192
2017-11-18,South,Technology,1319.96
2017-11-18,East,Office Supplies,103.968
2017-11-18,Central,Office Supplies,1192.784
2017-11-18,Central,Furniture,557.068
2017-11-19,Central,Furniture,2.328
2017-11-19,Central,Office Supplies,277.34000000000003
2017-11-19,Central,Technology,71.96
2017-11-19,East,Office Supplies,236.394
2017-11-19,South,Office Supplies,18.48
2017-11-19,West,Furniture,31.96
2017-11-20,West,Technology,27.88
2017-11-20,South,Technology,244.768
2017-11-20,South,Office Supplies,39.72
2017-11-20,South,Furniture,289.568
2017-11-20,East,Technology,255.984
2017-11-20,West,Office Supplies,39.0
2017-11-20,East,Furniture,86.97
2017-11-20,Central,Technology,1219.042
2017-11-20,Central,Office Supplies,343.16
2017-11-20,Central,Furniture,325.498
2017-11-20,East,Office Supplies,198.743
2017-11-21,West,Office Supplies,32.4
2017-11-21,East,Technology,30.345
2017-11-21,East,Office Supplies,12.96
2017-11-21,West,Furniture,195.136
2017-11-21,Central,Technology,486.51599999999996
2017-11-21,Central,Office Supplies,100.46000000000001
2017-11-21,East,Furniture,319.074
2017-11-22,Central,Office Supplies,85.848
2017-11-22,Central,Technology,24.032
2017-11-22,East,Furniture,39.88
2017-11-22,East,Office Supplies,167.284
2017-11-23,East,Furniture,84.81599999999999
2017-11-23,East,Office Supplies,15.8
2017-11-24,South,Office Supplies,52.912
2017-11-24,West,Technology,1253.34
2017-11-24,West,Office Supplies,1270.094
2017-11-24,South,Furniture,339.92
2017-11-24,West,Furniture,1776.952
2017-11-24,East,Office Supplies,80.424
2017-11-24,East,Furniture,207.76
2017-11-24,East,Technology,228.36
2017-11-24,Central,Technology,1050.1200000000001
2017-11-24,Central,Office Supplies,134.656
2017-11-25,West,Furniture,194.352
2017-11-25,South,Office Supplies,78.44
2017-11-25,East,Technology,4879.880999999999
2017-11-25,South,Technology,59.98
2017-11-25,Central,Technology,160.0
2017-11-25,Central,Office Supplies,17.3
2017-11-25,Central,Furniture,1568.61
2017-11-25,East,Office Supplies,1019.988
2017-11-26,Central,Office Supplies,17.856
2017-11-26,East,Furniture,313.176
2017-11-26,East,Office Supplies,92.119
2017-11-26,East,Technology,554.952
2017-11-26,South,Office Supplies,200.15400000000002
2017-11-26,South,Technology,3040.0
2017-11-26,West,Furniture,4002.0440000000003
2017-11-26,West,Office Supplies,109.442
2017-11-27,West,Office Supplies,39.808
2017-11-27,West,Technology,271.992
2017-11-27,South,Technology,116.76
2017-11-27,Central,Office Supplies,417.27599999999995
2017-11-27,East,Furniture,31.56
2017-11-27,Central,Technology,97.35
2017-11-27,South,Furniture,331.023
2017-11-28,South,Office Supplies,2396.754
2017-11-28,South,Furniture,182.67
2017-11-28,South,Technology,101.7
2017-11-28,East,Office Supplies,59.263999999999996
2017-11-28,East,Furniture,347.802
2017-11-28,East,Technology,340.182
2017-11-29,Central,Furniture,242.176
2017-11-29,Central,Technology,58.416
2017-11-30,Central,Furniture,389.97
2017-11-30,Central,Office Supplies,543.98
2017-11-30,South,Technology,36.192
2017-12-01,South,Technology,863.928
2017-12-01,West,Office Supplies,1206.8000000000002
2017-12-01,West,Furniture,48.7
2017-12-01,South,Office Supplies,2149.954
2017-12-01,Central,Furniture,350.986
2017-12-01,East,Office Supplies,990.0300000000001
2017-12-01,East,Furniture,1401.579
2017-12-01,Central,Office Supplies,35.568
2017-12-01,East,Technology,317.90999999999997
2017-12-02,West,Technology,165.6
2017-12-02,West,Office Supplies,288.83799999999997
2017-12-02,East,Technology,629.95
2017-12-02,West,Furniture,14.52
2017-12-02,East,Furniture,72.42
2017-12-02,Central,Office Supplies,146.656
2017-12-02,Central,Furniture,781.864
2017-12-02,East,Office Supplies,2584.768
2017-12-03,Central,Furniture,611.94
2017-12-03,East,Furniture,942.6779999999999
2017-12-03,East,Office Supplies,635.6579999999999
2017-12-03,West,Furniture,586.27
2017-12-03,West,Office Supplies,843.3199999999999
2017-12-03,West,Technology,1649.95
2017-12-04,West,Office Supplies,104.85
2017-12-04,East,Technology,78.15
2017-12-04,East,Furniture,113.79
2017-12-04,East,Office Supplies,647.496
2017-12-05,Central,Furniture,1951.84
2017-12-05,Central,Office Supplies,187.038
2017-12-05,Central,Technology,534.42
2017-12-05,East,Furniture,81.94
2017-12-05,East,Office Supplies,499.1
2017-12-05,South,Furniture,191.82
2017-12-05,South,Office Supplies,584.82
2017-12-05,South,Technology,699.98
2017-12-05,West,Office Supplies,407.976
2017-12-06,East,Office Supplies,1191.096
2017-12-06,East,Technology,479.984
2017-12-06,West,Office Supplies,600.126
2017-12-06,West,Technology,588.768
2017-12-08,West,Office Supplies,440.35
2017-12-08,South,Technology,334.256
2017-12-08,West,Furniture,1421.664
2017-12-08,Central,Technology,1212.4940000000001
2017-12-08,East,Office Supplies,23.541
2017-12-08,Central,Furniture,1276.79
2017-12-09,West,Office Supplies,273.92
2017-12-09,South,Office Supplies,2.946
2017-12-09,South,Furniture,1136.8339999999998
2017-12-09,South,Technology,40.68
2017-12-09,Central,Technology,89.91999999999999
2017-12-09,Central,Office Supplies,185.37300000000002
2017-12-09,East,Office Supplies,125.81
2017-12-10,Central,Furniture,1424.9
2017-12-10,East,Office Supplies,1203.82
2017-12-10,West,Furniture,321.568
2017-12-10,West,Office Supplies,458.192
2017-12-10,West,Technology,44.75
2017-12-11,West,Furniture,1674.776
2017-12-11,West,Technology,1158.904
2017-12-11,South,Office Supplies,91.896
2017-12-11,West,Office Supplies,805.292
2017-12-11,East,Office Supplies,554.412
2017-12-11,East,Furniture,787.02
2017-12-11,East,Technology,1029.95
2017-12-12,West,Furniture,383.64
2017-12-12,South,Technology,249.95
2017-12-12,South,Office Supplies,49.12
2017-12-12,East,Technology,383.952
2017-12-12,West,Office Supplies,56.52
2017-12-12,Central,Technology,657.93
2017-12-12,Central,Office Supplies,40.76
2017-12-12,Central,Furniture,33.48
2017-12-12,East,Office Supplies,18.693
2017-12-13,Central,Technology,63.88
2017-12-13,West,Furniture,1114.272
2017-12-13,West,Office Supplies,15.936
2017-12-14,East,Furniture,396.92
2017-12-14,East,Office Supplies,82.13
2017-12-14,South,Furniture,133.38
2017-12-14,West,Furniture,81.424
2017-12-14,West,Office Supplies,134.8
2017-12-15,West,Furniture,578.955
2017-12-15,West,Office Supplies,87.168
2017-12-15,South,Office Supplies,19.44
2017-12-15,Central,Furniture,1652.94
2017-12-15,Central,Office Supplies,296.37
2017-12-15,East,Office Supplies,2.214
2017-12-16,Central,Office Supplies,4.788
2017-12-16,East,Office Supplies,3.68
2017-12-16,South,Office Supplies,34.944
2017-12-16,West,Furniture,563.92
2017-12-16,West,Technology,21.21
2017-12-17,Central,Office Supplies,9944.58
2017-12-17,Central,Technology,165.6
2017-12-17,West,Furniture,2003.52
2017-12-17,West,Office Supplies,71.434
2017-12-18,West,Office Supplies,709.692
2017-12-18,West,Furniture,601.21
2017-12-18,West,Technology,1053.542
2017-12-18,East,Office Supplies,2694.06
2017-12-18,Central,Furniture,582.7800000000001
2017-12-18,South,Office Supplies,1410.066
2017-12-19,Central,Office Supplies,1.8
2017-12-19,East,Furniture,303.92
2017-12-19,East,Office Supplies,37.768
2017-12-19,West,Furniture,455.97
2017-12-19,West,Office Supplies,15.654
2017-12-20,South,Technology,66.3
2017-12-20,South,Office Supplies,15.42
2017-12-20,South,Furniture,18.92
2017-12-20,Central,Office Supplies,33.9
2017-12-22,East,Office Supplies,25.584
2017-12-22,West,Furniture,919.3040000000001
2017-12-22,West,Office Supplies,86.68
2017-12-22,West,Technology,11.56
2017-12-23,East,Technology,3499.9300000000003
2017-12-23,South,Furniture,859.14
2017-12-23,East,Office Supplies,13.521
2017-12-23,West,Office Supplies,1506.02
2017-12-23,Central,Office Supplies,70.21000000000001
2017-12-23,Central,Technology,873.336
2017-12-23,Central,Furniture,143.70000000000002
2017-12-24,East,Furniture,799.56
2017-12-24,East,Technology,197.97
2017-12-24,South,Office Supplies,567.93
2017-12-24,South,Technology,255.68
2017-12-24,West,Furniture,43.96
2017-12-24,West,Office Supplies,73.16
2017-12-25,East,Office Supplies,33.568
2017-12-25,West,Technology,3246.074
2017-12-25,West,Office Supplies,45.36
2017-12-25,West,Furniture,2529.015
2017-12-25,East,Furniture,3763.998
2017-12-25,South,Office Supplies,126.21
2017-12-25,South,Furniture,343.85
2017-12-25,South,Technology,399.98
2017-12-26,West,Furniture,1049.064
2017-12-26,West,Office Supplies,143.578
2017-12-26,West,Technology,302.384
2017-12-26,East,Technology,89.97
2017-12-26,East,Furniture,212.94
2017-12-26,East,Office Supplies,31.482
2017-12-27,Central,Furniture,845.488
2017-12-27,Central,Office Supplies,34.048
2017-12-27,East,Office Supplies,17.184
2017-12-27,East,Technology,40.0
2017-12-27,South,Office Supplies,2.61
2017-12-27,West,Office Supplies,20.16
2017-12-29,West,Office Supplies,81.01400000000001
2017-12-29,South,Office Supplies,103.648
2017-12-29,Central,Office Supplies,268.008
2017-12-29,Central,Furniture,825.01
2017-12-30,Central,Office Supplies,6.924
2017-12-30,East,Furniture,170.786
2017-12-30,East,Office Supplies,36.135999999999996
2017-12-30,South,Office Supplies,72.224
2017-12-30,West,Office Supplies,487.704
2017-12-31,West,Technology,302.376
2017-12-31,West,Office Supplies,201.784
2017-12-31,South,Office Supplies,71.096
2017-12-31,East,Office Supplies,156.512
2018-01-01,Central,Furniture,452.164
2018-01-01,Central,Office Supplies,506.338
2018-01-01,East,Furniture,48.896
2018-01-01,West,Furniture,474.43
2018-01-02,South,Technology,695.7
2018-01-02,South,Office Supplies,44.513999999999996
2018-01-02,West,Technology,16.59
2018-01-02,Central,Furniture,913.43
2018-01-02,Central,Office Supplies,409.32
2018-01-03,West,Office Supplies,2070.272
2018-01-06,South,Office Supplies,33.74
2018-01-07,Central,Technology,3059.982
2018-01-07,South,Office Supplies,2.808
2018-01-07,West,Office Supplies,332.8
2018-01-08,West,Furniture,892.98
2018-01-09,East,Office Supplies,274.491
2018-01-12,West,Office Supplies,9.78
2018-01-12,East,Office Supplies,40.08
2018-01-12,Central,Office Supplies,760.98
2018-01-12,East,Furniture,37.68
2018-01-13,Central,Furniture,212.94
2018-01-13,Central,Office Supplies,4406.39
2018-01-14,South,Office Supplies,84.84599999999999
2018-01-14,South,Technology,119.904
2018-01-14,West,Office Supplies,323.524
2018-01-14,West,Technology,169.064
2018-01-15,Central,Office Supplies,37.06
2018-01-15,Central,Technology,110.576
2018-01-15,East,Office Supplies,1971.2440000000001
2018-01-15,West,Office Supplies,21.4
2018-01-16,West,Furniture,427.59200000000004
2018-01-16,Central,Furniture,302.67
2018-01-16,Central,Office Supplies,5500.03
2018-01-19,East,Office Supplies,658.876
2018-01-19,East,Technology,429.6
2018-01-19,Central,Office Supplies,6.0
2018-01-19,East,Furniture,919.2389999999999
2018-01-20,Central,Office Supplies,11.52
2018-01-20,East,Furniture,207.846
2018-01-20,East,Office Supplies,3.52
2018-01-20,West,Office Supplies,24.2
2018-01-20,West,Technology,520.752
2018-01-21,West,Technology,179.97
2018-01-21,West,Office Supplies,389.292
2018-01-21,West,Furniture,84.98
2018-01-21,Central,Technology,1135.913
2018-01-21,Central,Office Supplies,372.49600000000004
2018-01-21,South,Office Supplies,383.992
2018-01-22,Central,Office Supplies,22.991999999999997
2018-01-22,West,Office Supplies,1189.43
2018-01-22,West,Technology,2999.95
2018-01-23,Central,Furniture,210.98
2018-01-23,West,Office Supplies,57.018
2018-01-23,West,Technology,182.336
2018-01-24,West,Technology,110.352
2018-01-24,South,Office Supplies,5.67
2018-01-24,West,Office Supplies,302.644
2018-01-26,Central,Office Supplies,18.16
2018-01-26,South,Furniture,62.72
2018-01-26,South,Office Supplies,22.630000000000003
2018-01-26,South,Technology,2939.93
2018-01-26,West,Office Supplies,11.84
2018-01-27,East,Office Supplies,14.016
2018-01-27,East,Technology,317.898
2018-01-28,Central,Office Supplies,279.9
2018-01-28,East,Technology,449.91
2018-01-28,West,Furniture,37.74
2018-01-28,West,Technology,239.97
2018-01-29,Central,Office Supplies,12.128
2018-01-29,East,Office Supplies,9.988
2018-01-29,West,Office Supplies,136.526
2018-01-30,West,Furniture,120.784
2018-01-30,West,Office Supplies,150.86
2018-01-30,South,Furniture,419.136
2018-01-30,West,Technology,604.768
2018-01-30,Central,Office Supplies,139.664
2018-01-30,Central,Technology,2210.1679999999997
2018-01-30,Central,Furniture,103.955
2018-02-02,East,Office Supplies,99.76
2018-02-02,East,Technology,59.97
2018-02-02,West,Furniture,296.84000000000003
2018-02-02,West,Office Supplies,216.79999999999998
2018-02-02,West,Technology,239.984
2018-02-03,Central,Furniture,22.2
2018-02-03,Central,Office Supplies,490.168
2018-02-03,East,Office Supplies,290.781
2018-02-03,South,Office Supplies,119.17800000000001
2018-02-04,East,Office Supplies,32.67
2018-02-05,Central,Office Supplies,251.112
2018-02-05,West,Office Supplies,1640.7
2018-02-05,West,Technology,371.2
2018-02-06,West,Office Supplies,29.9
2018-02-06,East,Technology,227.46
2018-02-06,South,Furniture,359.97
2018-02-06,East,Furniture,240.784
2018-02-06,East,Office Supplies,46.24
2018-02-09,Central,Furniture,3.984
2018-02-09,Central,Office Supplies,265.776
2018-02-09,Central,Technology,127.984
2018-02-09,West,Furniture,21.12
2018-02-09,West,Office Supplies,354.9
2018-02-10,East,Office Supplies,23.12
2018-02-10,West,Furniture,203.983
2018-02-11,East,Furniture,147.568
2018-02-11,East,Office Supplies,20.7
2018-02-11,West,Furniture,963.136
2018-02-11,West,Office Supplies,21.336
2018-02-11,West,Technology,88.776
2018-02-13,West,Office Supplies,6.63
2018-02-13,West,Furniture,107.53
2018-02-13,West,Technology,799.96
2018-02-13,Central,Office Supplies,90.64
2018-02-13,East,Office Supplies,53.67
2018-02-16,East,Technology,14.99
2018-02-16,East,Office Supplies,617.45
2018-02-16,Central,Furniture,608.25
2018-02-16,Central,Office Supplies,96.752
2018-02-17,Central,Furniture,570.0264
2018-02-17,Central,Office Supplies,175.44
2018-02-17,Central,Technology,563.128
2018-02-17,East,Furniture,1385.5439999999999
2018-02-17,East,Office Supplies,183.92499999999998
2018-02-17,East,Technology,57.594
2018-02-17,South,Technology,29.16
2018-02-18,West,Technology,277.506
2018-02-18,West,Office Supplies,9.82
2018-02-19,South,Office Supplies,1245.86
2018-02-19,West,Furniture,44.67
2018-02-19,West,Office Supplies,24.060000000000002
2018-02-20,Central,Office Supplies,19.669999999999998
2018-02-20,West,Furniture,477.84400000000005
2018-02-20,West,Office Supplies,71.24000000000001
2018-02-20,West,Technology,581.536
2018-02-21,Central,Technology,47.904
2018-02-23,West,Technology,71.96
2018-02-23,West,Office Supplies,45.839999999999996
2018-02-24,East,Office Supplies,128.876
2018-02-24,East,Technology,1319.8
2018-02-25,Central,Office Supplies,1.788
2018-02-25,South,Furniture,428.70399999999995
2018-02-26,West,Furniture,892.224
2018-02-26,West,Office Supplies,685.75
2018-02-26,West,Technology,889.536
2018-02-28,East,Office Supplies,17.62
2018-03-02,East,Furniture,441.96
2018-03-02,Central,Office Supplies,19.753999999999998
2018-03-02,East,Office Supplies,204.048
2018-03-02,West,Office Supplies,107.648
2018-03-02,West,Technology,676.716
2018-03-03,West,Furniture,570.024
2018-03-03,South,Office Supplies,72.8
2018-03-03,West,Technology,1049.44
2018-03-03,Central,Office Supplies,26.88
2018-03-03,Central,Furniture,180.98
2018-03-03,Central,Technology,99.98
2018-03-04,Central,Office Supplies,100.752
2018-03-04,West,Office Supplies,24.57
2018-03-04,Central,Furniture,103.5
2018-03-05,Central,Office Supplies,400.77
2018-03-05,South,Office Supplies,539.28
2018-03-05,South,Technology,299.97
2018-03-06,West,Technology,206.384
2018-03-06,Central,Office Supplies,68.416
2018-03-06,East,Furniture,71.97
2018-03-06,East,Office Supplies,26.38
2018-03-06,West,Office Supplies,405.086
2018-03-07,East,Office Supplies,117.51
2018-03-07,East,Technology,49.08
2018-03-08,South,Office Supplies,668.5400000000001
2018-03-08,West,Office Supplies,174.56
2018-03-09,West,Office Supplies,30.84
2018-03-09,West,Technology,679.9639999999999
2018-03-10,South,Office Supplies,61.876
2018-03-10,West,Technology,111.96
2018-03-10,East,Technology,89.892
2018-03-10,East,Office Supplies,5.248
2018-03-10,East,Furniture,50.568
2018-03-10,Central,Furniture,933.408
2018-03-11,Central,Office Supplies,895.92
2018-03-11,East,Furniture,181.484
2018-03-11,East,Office Supplies,55.574
2018-03-11,East,Technology,840.73
2018-03-12,South,Office Supplies,40.41
2018-03-12,West,Office Supplies,242.94
2018-03-12,East,Technology,69.93
2018-03-13,West,Technology,355.686
2018-03-13,Central,Furniture,89.768
2018-03-13,Central,Office Supplies,64.768
2018-03-13,Central,Technology,1212.3220000000001
2018-03-13,East,Office Supplies,697.46
2018-03-13,East,Technology,299.9
2018-03-13,West,Office Supplies,2071.446
2018-03-14,Central,Technology,49.616
2018-03-16,East,Office Supplies,59.416999999999994
2018-03-16,West,Technology,659.976
2018-03-16,West,Office Supplies,593.924
2018-03-16,East,Furniture,51.264
2018-03-16,East,Technology,649.8
2018-03-17,Central,Office Supplies,24.048000000000002
2018-03-17,East,Office Supplies,248.274
2018-03-17,East,Technology,248.36
2018-03-17,South,Office Supplies,4.608
2018-03-17,West,Office Supplies,17.456
2018-03-18,West,Office Supplies,170.36
2018-03-18,Central,Technology,565.36
2018-03-18,Central,Furniture,82.524
2018-03-18,Central,Office Supplies,209.51399999999998
2018-03-19,East,Office Supplies,28.91
2018-03-19,West,Furniture,728.0899999999999
2018-03-19,West,Office Supplies,443.30400000000003
2018-03-19,West,Technology,957.004
2018-03-20,East,Technology,238.0
2018-03-20,West,Technology,265.93
2018-03-20,East,Office Supplies,61.96
2018-03-20,Central,Office Supplies,330.76800000000003
2018-03-20,Central,Furniture,2.91
2018-03-21,Central,Furniture,1805.88
2018-03-21,Central,Office Supplies,283.17999999999995
2018-03-21,East,Office Supplies,8.856
2018-03-21,South,Office Supplies,64.384
2018-03-21,West,Furniture,22.14
2018-03-21,West,Office Supplies,1148.196
2018-03-23,Central,Office Supplies,143.728
2018-03-23,East,Office Supplies,373.26
2018-03-23,West,Furniture,211.84
2018-03-23,West,Office Supplies,87.28
2018-03-23,West,Technology,13999.96
2018-03-24,East,Furniture,479.61
2018-03-24,East,Office Supplies,268.93
2018-03-24,Central,Office Supplies,12.768
2018-03-24,East,Technology,495.99
2018-03-25,West,Technology,691.152
2018-03-25,West,Office Supplies,401.08
2018-03-25,East,Office Supplies,11.05
2018-03-25,Central,Technology,470.376
2018-03-25,Central,Office Supplies,6.848
2018-03-25,Central,Furniture,1986.52
2018-03-26,West,Office Supplies,19.83
2018-03-26,South,Office Supplies,3.76
2018-03-26,East,Technology,119.96
2018-03-26,South,Technology,53.25
2018-03-26,Central,Technology,2543.92
2018-03-26,Central,Office Supplies,193.752
2018-03-26,Central,Furniture,60.84
2018-03-26,East,Furniture,257.568
2018-03-27,West,Office Supplies,168.58
2018-03-27,Central,Furniture,1835.136
2018-03-27,Central,Technology,39.992
2018-03-27,East,Furniture,15.008
2018-03-27,South,Furniture,292.1
2018-03-27,South,Office Supplies,376.59999999999997
2018-03-27,South,Technology,206.1
2018-03-28,West,Technology,532.72
2018-03-28,West,Office Supplies,855.2
2018-03-28,South,Office Supplies,68.742
2018-03-28,West,Furniture,48.04
2018-03-29,Central,Office Supplies,81.4
2018-03-30,Central,Office Supplies,325.86
2018-03-30,East,Office Supplies,5.715
2018-03-30,South,Office Supplies,59.76
2018-03-30,West,Furniture,94.2
2018-03-30,West,Office Supplies,6.08
2018-03-30,West,Technology,164.792
2018-03-31,South,Furniture,61.0
2018-03-31,South,Technology,3671.8799999999997
2018-03-31,South,Office Supplies,98.66
2018-03-31,East,Technology,762.5300000000001
2018-03-31,West,Office Supplies,29.7
2018-03-31,East,Furniture,29.78
2018-03-31,Central,Office Supplies,47.087999999999994
2018-03-31,Central,Furniture,205.3328
2018-03-31,East,Office Supplies,75.04
2018-04-01,West,Technology,4799.984
2018-04-01,West,Furniture,482.664
2018-04-01,West,Office Supplies,127.46000000000001
2018-04-01,South,Technology,23.976
2018-04-01,Central,Office Supplies,122.6
2018-04-01,South,Furniture,346.302
2018-04-01,East,Office Supplies,42.93
2018-04-01,South,Office Supplies,27.072
2018-04-02,East,Office Supplies,11.12
2018-04-02,South,Furniture,411.8
2018-04-02,South,Office Supplies,14.94
2018-04-02,South,Technology,360.0
2018-04-02,West,Furniture,25.11
2018-04-03,Central,Office Supplies,7.056
2018-04-03,East,Furniture,25.472
2018-04-04,Central,Technology,383.84
2018-04-04,East,Office Supplies,264.39
2018-04-04,East,Technology,160.24
2018-04-06,Central,Office Supplies,106.32
2018-04-06,South,Office Supplies,8.1
2018-04-07,South,Technology,837.16
2018-04-07,South,Office Supplies,21.584
2018-04-07,South,Furniture,1112.5465
2018-04-08,Central,Furniture,580.8599999999999
2018-04-08,East,Office Supplies,2633.5099999999998
2018-04-08,South,Furniture,56.28
2018-04-08,South,Office Supplies,2690.97
2018-04-08,West,Office Supplies,440.31
2018-04-09,Central,Office Supplies,478.24
2018-04-09,East,Office Supplies,864.28
2018-04-09,South,Office Supplies,284.19
2018-04-10,South,Furniture,12.32
2018-04-10,Central,Office Supplies,10.368
2018-04-10,Central,Technology,95.736
2018-04-10,East,Furniture,36.672
2018-04-10,East,Office Supplies,496.024
2018-04-10,East,Technology,99.99
2018-04-10,South,Office Supplies,4.419
2018-04-11,South,Office Supplies,22.744
2018-04-11,East,Technology,27.12
2018-04-11,West,Office Supplies,41.86
2018-04-11,Central,Office Supplies,11.364
2018-04-11,East,Office Supplies,16.768
2018-04-11,West,Technology,199.95
2018-04-12,East,Office Supplies,69.66
2018-04-13,West,Office Supplies,901.1999999999999
2018-04-13,East,Office Supplies,7.92
2018-04-13,West,Furniture,436.704
2018-04-14,Central,Office Supplies,8.76
2018-04-14,East,Furniture,316.802
2018-04-14,East,Office Supplies,129.096
2018-04-14,South,Furniture,198.272
2018-04-15,Central,Office Supplies,20.736
2018-04-15,South,Office Supplies,36.012
2018-04-15,West,Furniture,196.45
2018-04-15,West,Office Supplies,79.14
2018-04-16,West,Office Supplies,246.66
2018-04-16,West,Furniture,102.833
2018-04-16,South,Technology,25.98
2018-04-16,East,Office Supplies,13.71
2018-04-16,Central,Office Supplies,78.006
2018-04-16,South,Office Supplies,477.24
2018-04-17,Central,Office Supplies,195.136
2018-04-17,East,Furniture,60.312
2018-04-17,West,Furniture,218.352
2018-04-17,West,Office Supplies,132.784
2018-04-17,West,Technology,2824.875
2018-04-20,East,Office Supplies,384.04
2018-04-20,East,Furniture,94.376
2018-04-20,Central,Furniture,376.018
2018-04-20,Central,Office Supplies,199.18
2018-04-21,Central,Office Supplies,123.628
2018-04-21,Central,Technology,47.976
2018-04-21,East,Furniture,908.82
2018-04-21,West,Furniture,162.6
2018-04-21,West,Technology,11.54
2018-04-22,East,Furniture,254.352
2018-04-22,South,Office Supplies,675.06
2018-04-22,West,Furniture,18.28
2018-04-23,Central,Technology,155.34
2018-04-23,East,Office Supplies,316.654
2018-04-23,South,Furniture,465.088
2018-04-23,South,Office Supplies,3.0
2018-04-23,South,Technology,45.408
2018-04-23,West,Furniture,102.164
2018-04-23,West,Office Supplies,111.568
2018-04-24,West,Office Supplies,1.81
2018-04-24,West,Technology,552.0
2018-04-24,South,Office Supplies,113.568
2018-04-24,Central,Office Supplies,83.214
2018-04-24,East,Office Supplies,107.986
2018-04-24,East,Technology,69.98
2018-04-25,South,Office Supplies,109.968
2018-04-25,West,Furniture,344.981
2018-04-25,West,Office Supplies,115.19399999999999
2018-04-25,West,Technology,107.97
2018-04-26,Central,Furniture,1.988
2018-04-26,West,Office Supplies,59.620000000000005
2018-04-27,West,Office Supplies,183.61
2018-04-27,West,Furniture,139.58
2018-04-27,Central,Furniture,220.2656
2018-04-27,Central,Office Supplies,33.12
2018-04-28,East,Office Supplies,15.232
2018-04-28,South,Office Supplies,28.08
2018-04-28,South,Technology,751.984
2018-04-29,East,Furniture,1048.35
2018-04-29,East,Office Supplies,4.91
2018-04-30,South,Technology,2.376
2018-04-30,West,Office Supplies,227.54000000000002
2018-04-30,West,Furniture,64.96
2018-04-30,South,Office Supplies,36.93
2018-04-30,Central,Office Supplies,43.372
2018-04-30,East,Technology,677.58
2018-04-30,East,Office Supplies,92.98400000000001
2018-04-30,South,Furniture,244.38400000000001
2018-05-01,South,Furniture,4051.5339999999997
2018-05-01,South,Office Supplies,7.936
2018-05-01,South,Technology,48.9
2018-05-02,East,Furniture,129.93
2018-05-02,West,Office Supplies,109.62
2018-05-02,West,Technology,159.56
2018-05-03,East,Furniture,405.918
2018-05-03,East,Office Supplies,98.58800000000001
2018-05-03,West,Office Supplies,881.84
2018-05-04,West,Technology,183.96
2018-05-04,West,Office Supplies,17.61
2018-05-04,West,Furniture,300.904
2018-05-04,South,Office Supplies,629.86
2018-05-04,East,Office Supplies,13.911000000000001
2018-05-05,East,Office Supplies,6.68
2018-05-05,South,Office Supplies,34.5
2018-05-05,West,Furniture,89.991
2018-05-05,West,Office Supplies,53.952
2018-05-06,West,Office Supplies,237.356
2018-05-06,South,Technology,627.168
2018-05-06,South,Office Supplies,245.321
2018-05-06,Central,Technology,408.744
2018-05-06,Central,Office Supplies,790.1479999999999
2018-05-06,Central,Furniture,623.4648
2018-05-06,East,Office Supplies,59.2
2018-05-07,West,Technology,499.934
2018-05-07,Central,Furniture,1962.0900000000001
2018-05-07,Central,Office Supplies,87.444
2018-05-08,West,Technology,3359.952
2018-05-08,West,Office Supplies,81.08
2018-05-08,Central,Office Supplies,41.472
2018-05-08,East,Furniture,176.04999999999998
2018-05-09,South,Furniture,207.0
2018-05-09,South,Office Supplies,65.232
2018-05-09,West,Furniture,286.85
2018-05-09,West,Office Supplies,319.15999999999997
2018-05-09,West,Technology,199.98
2018-05-11,East,Office Supplies,43.92
2018-05-11,West,Office Supplies,101.062
2018-05-11,West,Furniture,209.979
2018-05-11,Central,Office Supplies,86.512
2018-05-11,Central,Furniture,7.996
2018-05-12,Central,Office Supplies,162.16
2018-05-12,East,Furniture,42.85
2018-05-12,East,Office Supplies,126.93599999999999
2018-05-12,East,Technology,87.4
2018-05-12,West,Furniture,285.48
2018-05-12,West,Office Supplies,265.558
2018-05-13,West,Office Supplies,58.48
2018-05-13,South,Office Supplies,20.768
2018-05-13,East,Office Supplies,299.52
2018-05-13,East,Furniture,458.43
2018-05-13,Central,Technology,587.97
2018-05-13,Central,Office Supplies,1641.21
2018-05-14,West,Technology,1399.93
2018-05-14,West,Furniture,18.28
2018-05-14,East,Technology,629.94
2018-05-14,East,Office Supplies,240.234
2018-05-14,West,Office Supplies,504.59000000000003
2018-05-14,Central,Technology,7.992
2018-05-14,Central,Office Supplies,171.01600000000002
2018-05-14,Central,Furniture,899.43
2018-05-14,East,Furniture,261.96
2018-05-14,South,Office Supplies,48.69
2018-05-15,Central,Office Supplies,56.704
2018-05-15,Central,Technology,11.12
2018-05-15,West,Furniture,303.544
2018-05-15,West,Office Supplies,20.304
2018-05-15,West,Technology,29.592
2018-05-16,East,Office Supplies,221.024
2018-05-18,South,Technology,90.72999999999999
2018-05-18,Central,Office Supplies,767.848
2018-05-18,South,Office Supplies,131.18
2018-05-18,West,Technology,344.704
2018-05-18,South,Furniture,302.94
2018-05-18,Central,Furniture,24.5
2018-05-18,East,Office Supplies,3.048
2018-05-18,East,Furniture,14.56
2018-05-18,Central,Technology,114.95
2018-05-18,East,Technology,36.048
2018-05-19,West,Office Supplies,239.38
2018-05-19,Central,Office Supplies,51.232
2018-05-19,Central,Technology,95.992
2018-05-19,East,Office Supplies,281.34
2018-05-19,East,Technology,607.95
2018-05-19,South,Furniture,1943.172
2018-05-19,South,Office Supplies,536.6179999999999
2018-05-19,South,Technology,445.77000000000004
2018-05-19,West,Furniture,681.408
2018-05-19,West,Technology,36.32
2018-05-20,West,Technology,1466.328
2018-05-20,West,Office Supplies,73.188
2018-05-20,Central,Office Supplies,932.81
2018-05-20,West,Furniture,525.2520000000001
2018-05-21,East,Furniture,520.05
2018-05-21,East,Office Supplies,17.97
2018-05-22,Central,Furniture,181.986
2018-05-22,Central,Office Supplies,23.936
2018-05-22,West,Office Supplies,62.18
2018-05-22,West,Technology,68.46
2018-05-23,Central,Office Supplies,70.14800000000001
2018-05-23,West,Furniture,171.288
2018-05-25,South,Office Supplies,29.84
2018-05-25,East,Technology,120.0
2018-05-25,Central,Office Supplies,50.136
2018-05-25,East,Furniture,18.84
2018-05-25,East,Office Supplies,667.2099999999999
2018-05-26,South,Office Supplies,234.2
2018-05-26,South,Technology,23.08
2018-05-26,West,Office Supplies,12.96
2018-05-27,West,Office Supplies,508.59
2018-05-27,West,Technology,400.53599999999994
2018-05-27,West,Furniture,35.0
2018-05-27,Central,Furniture,477.3
2018-05-27,South,Office Supplies,96.32000000000001
2018-05-27,South,Technology,567.162
2018-05-28,Central,Furniture,106.869
2018-05-28,Central,Office Supplies,3.564
2018-05-28,Central,Technology,54.368
2018-05-28,East,Furniture,390.86
2018-05-28,East,Office Supplies,139.002
2018-05-28,South,Furniture,301.96
2018-05-28,West,Office Supplies,15.552
2018-05-28,West,Technology,467.928
2018-05-29,Central,Furniture,71.664
2018-05-29,Central,Office Supplies,619.444
2018-05-30,West,Technology,192.152
2018-05-30,West,Office Supplies,72.62
2018-05-30,West,Furniture,13.592
2018-05-30,South,Furniture,249.97
2018-05-30,Central,Furniture,204.6664
2018-05-30,South,Office Supplies,3.89
2018-06-01,Central,Office Supplies,53.9
2018-06-01,East,Office Supplies,373.766
2018-06-01,East,Technology,158.376
2018-06-02,Central,Office Supplies,10.688
2018-06-02,East,Office Supplies,27.44
2018-06-02,East,Technology,2.97
2018-06-02,South,Office Supplies,25.344
2018-06-02,West,Office Supplies,69.26400000000001
2018-06-03,West,Technology,1144.25
2018-06-03,West,Office Supplies,152.132
2018-06-03,South,Office Supplies,49.778000000000006
2018-06-03,South,Technology,820.352
2018-06-03,East,Technology,78.66
2018-06-03,East,Office Supplies,45.36
2018-06-03,East,Furniture,384.768
2018-06-03,South,Furniture,276.736
2018-06-04,Central,Furniture,30.336
2018-06-04,Central,Office Supplies,15.010000000000002
2018-06-04,South,Furniture,31.984
2018-06-04,South,Office Supplies,130.1
2018-06-04,South,Technology,71.984
2018-06-05,South,Office Supplies,20.736
2018-06-05,Central,Technology,470.376
2018-06-06,West,Furniture,4.95
2018-06-06,West,Office Supplies,26.4
2018-06-08,Central,Office Supplies,122.616
2018-06-08,Central,Technology,381.576
2018-06-08,East,Office Supplies,10.36
2018-06-08,West,Furniture,1497.666
2018-06-08,West,Office Supplies,107.756
2018-06-08,West,Technology,107.064
2018-06-09,Central,Office Supplies,757.112
2018-06-09,Central,Furniture,132.901
2018-06-09,South,Office Supplies,49.12
2018-06-10,West,Technology,368.736
2018-06-10,West,Office Supplies,87.84
2018-06-10,West,Furniture,514.165
2018-06-10,South,Office Supplies,1347.52
2018-06-10,East,Office Supplies,62.562
2018-06-10,Central,Technology,132.52
2018-06-11,South,Office Supplies,8.332
2018-06-11,West,Furniture,455.212
2018-06-11,West,Office Supplies,731.55
2018-06-11,West,Technology,385.8
2018-06-12,West,Technology,71.976
2018-06-12,West,Office Supplies,19.44
2018-06-12,South,Office Supplies,91.2
2018-06-12,South,Furniture,470.028
2018-06-12,East,Furniture,858.24
2018-06-12,East,Office Supplies,96.30799999999999
2018-06-12,Central,Furniture,8.856
2018-06-12,East,Technology,63.92
2018-06-13,South,Office Supplies,181.86
2018-06-13,Central,Technology,47.984
2018-06-13,West,Furniture,291.136
2018-06-13,Central,Furniture,470.302
2018-06-13,Central,Office Supplies,164.736
2018-06-15,Central,Office Supplies,166.45000000000002
2018-06-15,South,Furniture,928.2079999999999
2018-06-15,South,Office Supplies,310.744
2018-06-15,South,Technology,2479.9120000000003
2018-06-15,West,Office Supplies,4.26
2018-06-15,West,Technology,167.93599999999998
2018-06-16,West,Office Supplies,246.82
2018-06-16,West,Furniture,1212.96
2018-06-16,South,Technology,257.96999999999997
2018-06-16,South,Office Supplies,194.676
2018-06-16,East,Technology,479.952
2018-06-16,East,Office Supplies,23.92
2018-06-16,Central,Office Supplies,5.936
2018-06-16,South,Furniture,301.96
2018-06-17,West,Office Supplies,211.69400000000002
2018-06-17,Central,Office Supplies,23.887999999999998
2018-06-17,East,Technology,3505.84
2018-06-17,West,Furniture,155.25
2018-06-18,West,Office Supplies,38.88
2018-06-18,Central,Office Supplies,74.352
2018-06-18,West,Furniture,917.9235
2018-06-19,Central,Furniture,457.485
2018-06-19,Central,Office Supplies,320.53999999999996
2018-06-19,East,Furniture,798.9
2018-06-19,East,Office Supplies,97.82
2018-06-19,East,Technology,225.448
2018-06-20,South,Office Supplies,36.864
2018-06-20,East,Office Supplies,97.484
2018-06-20,East,Technology,389.91999999999996
2018-06-20,South,Technology,503.96
2018-06-21,East,Furniture,17.92
2018-06-21,East,Office Supplies,577.736
2018-06-22,South,Office Supplies,37.608
2018-06-22,East,Office Supplies,50.415000000000006
2018-06-22,Central,Office Supplies,3.036
2018-06-22,Central,Furniture,487.96
2018-06-24,West,Office Supplies,520.22
2018-06-24,East,Office Supplies,21.744
2018-06-24,Central,Office Supplies,193.266
2018-06-24,East,Furniture,449.454
2018-06-25,Central,Technology,148.48
2018-06-25,East,Furniture,400.784
2018-06-25,West,Furniture,871.4
2018-06-25,West,Office Supplies,87.688
2018-06-26,South,Furniture,273.552
2018-06-26,West,Office Supplies,83.76
2018-06-26,South,Office Supplies,13.872
2018-06-26,East,Technology,1144.0860000000002
2018-06-26,West,Technology,431.928
2018-06-26,Central,Technology,543.92
2018-06-26,Central,Office Supplies,20.46
2018-06-26,Central,Furniture,526.45
2018-06-26,East,Office Supplies,1186.108
2018-06-27,West,Furniture,126.3
2018-06-27,West,Office Supplies,19.44
2018-06-27,Central,Office Supplies,20.07
2018-06-27,East,Furniture,191.646
2018-06-27,West,Technology,1287.45
2018-06-29,West,Office Supplies,2646.642
2018-06-29,West,Technology,62.31
2018-06-29,East,Office Supplies,30.69
2018-06-29,East,Furniture,663.98
2018-06-29,Central,Office Supplies,401.056
2018-06-29,Central,Furniture,717.3132
2018-06-30,Central,Furniture,583.282
2018-06-30,Central,Technology,1001.584
2018-06-30,East,Furniture,1066.8600000000001
2018-06-30,East,Office Supplies,1333.99
2018-06-30,South,Furniture,19.52
2018-06-30,West,Furniture,435.999
2018-06-30,West,Office Supplies,280.74199999999996
2018-07-01,Central,Office Supplies,639.83
2018-07-02,Central,Office Supplies,169.192
2018-07-03,West,Technology,4150.972
2018-07-03,West,Office Supplies,87.92
2018-07-03,West,Furniture,675.24
2018-07-03,South,Technology,311.97
2018-07-03,South,Office Supplies,9.552
2018-07-03,South,Furniture,23.99
2018-07-03,East,Technology,258.9
2018-07-03,East,Office Supplies,88.416
2018-07-03,East,Furniture,317.448
2018-07-03,Central,Technology,765.0999999999999
2018-07-03,Central,Office Supplies,273.896
2018-07-05,Central,Furniture,332.028
2018-07-05,Central,Office Supplies,64.366
2018-07-05,Central,Technology,79.96
2018-07-06,West,Furniture,122.136
2018-07-06,East,Office Supplies,19.002000000000002
2018-07-06,South,Furniture,239.24
2018-07-07,East,Furniture,87.21
2018-07-07,East,Office Supplies,46.416
2018-07-07,East,Technology,1480.684
2018-07-07,West,Office Supplies,5.94
2018-07-08,West,Office Supplies,1055.324
2018-07-08,West,Furniture,360.2
2018-07-08,West,Technology,50.0
2018-07-08,East,Office Supplies,248.94
2018-07-08,East,Furniture,123.9
2018-07-08,East,Technology,141.9
2018-07-09,Central,Furniture,526.45
2018-07-09,Central,Office Supplies,296.224
2018-07-09,East,Office Supplies,589.48
2018-07-09,East,Technology,257.98
2018-07-09,West,Office Supplies,1.08
2018-07-10,South,Furniture,18.84
2018-07-10,South,Office Supplies,41.91
2018-07-10,Central,Office Supplies,298.464
2018-07-11,Central,Office Supplies,30.32
2018-07-11,East,Technology,132.6
2018-07-11,West,Office Supplies,206.57
2018-07-11,West,Technology,1359.402
2018-07-12,East,Office Supplies,3.816
2018-07-13,Central,Office Supplies,373.94
2018-07-13,East,Furniture,91.008
2018-07-13,East,Technology,39.594
2018-07-14,West,Technology,611.346
2018-07-14,West,Office Supplies,81.328
2018-07-14,West,Furniture,295.53
2018-07-14,East,Office Supplies,323.864
2018-07-14,East,Furniture,396.92
2018-07-14,East,Technology,1889.946
2018-07-15,East,Furniture,974.5889999999999
2018-07-15,East,Office Supplies,49.900000000000006
2018-07-15,East,Technology,41.9
2018-07-15,South,Furniture,872.94
2018-07-15,South,Office Supplies,192.9
2018-07-16,East,Furniture,71.372
2018-07-16,Central,Office Supplies,2.912
2018-07-17,East,Furniture,39.08
2018-07-17,East,Office Supplies,99.9
2018-07-17,East,Technology,269.98
2018-07-17,South,Furniture,7.904
2018-07-17,West,Furniture,1194.165
2018-07-17,West,Office Supplies,100.86
2018-07-17,West,Technology,479.984
2018-07-18,West,Furniture,1275.144
2018-07-18,East,Technology,599.97
2018-07-18,West,Office Supplies,23.752
2018-07-18,East,Furniture,198.744
2018-07-18,East,Office Supplies,9.184
2018-07-20,Central,Furniture,191.732
2018-07-20,Central,Office Supplies,1340.462
2018-07-20,Central,Technology,389.97
2018-07-20,East,Furniture,347.68399999999997
2018-07-20,East,Office Supplies,13.36
2018-07-21,West,Technology,1698.12
2018-07-21,West,Office Supplies,96.202
2018-07-21,West,Furniture,225.296
2018-07-21,South,Technology,271.96
2018-07-21,South,Office Supplies,368.28
2018-07-21,South,Furniture,311.74
2018-07-21,East,Office Supplies,280.21
2018-07-21,Central,Office Supplies,97.056
2018-07-21,Central,Furniture,124.404
2018-07-21,East,Technology,210.564
2018-07-22,Central,Furniture,526.344
2018-07-22,East,Technology,29.97
2018-07-23,East,Office Supplies,68.448
2018-07-23,West,Office Supplies,73.512
2018-07-23,Central,Technology,559.7
2018-07-23,Central,Office Supplies,196.528
2018-07-24,West,Technology,2399.96
2018-07-25,Central,Furniture,298.116
2018-07-25,Central,Office Supplies,20.23
2018-07-25,East,Furniture,158.684
2018-07-25,East,Office Supplies,321.712
2018-07-26,West,Furniture,362.352
2018-07-26,West,Technology,1649.95
2018-07-27,East,Technology,543.92
2018-07-27,West,Technology,234.95
2018-07-27,West,Office Supplies,39.16
2018-07-27,East,Furniture,14.89
2018-07-27,South,Furniture,91.032
2018-07-27,West,Furniture,23.88
2018-07-28,West,Technology,1145.6
2018-07-28,West,Office Supplies,24.964
2018-07-29,South,Technology,22.0
2018-07-29,West,Technology,90.57
2018-07-29,West,Furniture,115.96
2018-07-29,South,Office Supplies,39.216
2018-07-29,Central,Technology,586.7620000000001
2018-07-29,Central,Office Supplies,173.996
2018-07-29,East,Office Supplies,60.12
2018-07-29,Central,Furniture,302.67
2018-07-30,East,Office Supplies,76.776
2018-07-30,East,Technology,89.95
2018-07-30,West,Office Supplies,356.65
2018-07-31,South,Technology,41.424
2018-07-31,West,Office Supplies,56.56
2018-07-31,West,Furniture,36.96
2018-07-31,East,Technology,285.576
2018-07-31,East,Office Supplies,927.316
2018-07-31,Central,Technology,36.792
2018-07-31,Central,Office Supplies,173.4
2018-08-01,Central,Office Supplies,36.288
2018-08-01,Central,Technology,1535.966
2018-08-01,South,Technology,271.96
2018-08-01,West,Office Supplies,241.43599999999998
2018-08-03,West,Furniture,123.96
2018-08-03,West,Office Supplies,167.68
2018-08-03,Central,Technology,39.816
2018-08-03,Central,Furniture,183.372
2018-08-04,Central,Office Supplies,3.318
2018-08-04,West,Office Supplies,16.752000000000002
2018-08-05,Central,Office Supplies,410.13599999999997
2018-08-05,Central,Technology,79.78
2018-08-05,South,Office Supplies,13.76
2018-08-06,East,Technology,824.95
2018-08-06,Central,Office Supplies,115.296
2018-08-06,East,Office Supplies,322.64
2018-08-06,South,Furniture,161.14000000000001
2018-08-07,West,Office Supplies,1799.05
2018-08-07,West,Furniture,258.93399999999997
2018-08-07,South,Technology,79.992
2018-08-07,West,Technology,923.6
2018-08-07,Central,Technology,183.408
2018-08-07,Central,Office Supplies,118.16
2018-08-07,East,Office Supplies,116.47999999999999
2018-08-10,Central,Technology,1454.49
2018-08-10,Central,Furniture,121.3
2018-08-10,Central,Office Supplies,247.27999999999997
2018-08-11,Central,Office Supplies,51.712
2018-08-11,Central,Technology,153.584
2018-08-11,East,Office Supplies,25.92
2018-08-11,South,Office Supplies,477.51
2018-08-12,West,Office Supplies,882.5440000000001
2018-08-12,West,Technology,717.564
2018-08-12,West,Furniture,54.92
2018-08-12,East,Office Supplies,237.42000000000002
2018-08-12,East,Furniture,1779.9
2018-08-12,South,Office Supplies,20.736
2018-08-13,East,Office Supplies,17.544
2018-08-13,South,Furniture,455.632
2018-08-13,South,Office Supplies,1925.71
2018-08-13,South,Technology,1.584
2018-08-13,West,Office Supplies,242.69400000000002
2018-08-14,West,Furniture,418.296
2018-08-14,West,Office Supplies,22.439999999999998
2018-08-15,Central,Office Supplies,50.4
2018-08-15,East,Office Supplies,1899.472
2018-08-16,South,Office Supplies,80.564
2018-08-17,Central,Furniture,91.376
2018-08-17,Central,Office Supplies,52.431999999999995
2018-08-17,East,Furniture,4878.738
2018-08-17,East,Office Supplies,895.92
2018-08-17,South,Office Supplies,102.93
2018-08-17,South,Technology,98.16
2018-08-17,West,Office Supplies,3325.7560000000003
2018-08-17,West,Technology,71.976
2018-08-18,Central,Office Supplies,228.188
2018-08-18,East,Furniture,138.44
2018-08-18,East,Office Supplies,128.118
2018-08-18,East,Technology,61.089999999999996
2018-08-18,West,Furniture,65.94
2018-08-18,West,Office Supplies,4116.647999999999
2018-08-18,West,Technology,2340.06
2018-08-19,West,Office Supplies,102.72
2018-08-19,East,Office Supplies,407.43
2018-08-19,Central,Office Supplies,2.296
2018-08-20,West,Technology,107.88
2018-08-20,West,Office Supplies,508.82
2018-08-20,East,Office Supplies,40.29
2018-08-20,South,Technology,35.96
2018-08-21,Central,Office Supplies,87.52
2018-08-21,East,Furniture,117.08
2018-08-21,East,Office Supplies,4615.04
2018-08-21,South,Furniture,866.4
2018-08-21,West,Furniture,1087.3519999999999
2018-08-21,West,Office Supplies,1045.9940000000001
2018-08-21,West,Technology,465.148
2018-08-22,East,Furniture,314.532
2018-08-22,West,Furniture,210.008
2018-08-23,South,Furniture,2.784
2018-08-23,South,Office Supplies,219.664
2018-08-23,South,Technology,4367.896
2018-08-24,East,Office Supplies,685.0560000000002
2018-08-25,South,Office Supplies,205.31199999999998
2018-08-25,East,Furniture,130.98
2018-08-25,East,Office Supplies,25.696
2018-08-26,Central,Furniture,64.96
2018-08-26,Central,Office Supplies,53.72
2018-08-26,South,Technology,71.98
2018-08-27,West,Technology,879.984
2018-08-27,Central,Office Supplies,5.952
2018-08-27,East,Furniture,1488.424
2018-08-27,East,Office Supplies,113.52000000000001
2018-08-27,East,Technology,1467.858
2018-08-27,South,Office Supplies,22.416
2018-08-27,West,Furniture,549.316
2018-08-27,West,Office Supplies,1663.068
2018-08-28,West,Office Supplies,105.24000000000001
2018-08-28,West,Technology,35.168
2018-08-28,Central,Office Supplies,165.474
2018-08-28,West,Furniture,1137.75
2018-08-29,West,Furniture,148.02
2018-08-29,East,Office Supplies,9.408
2018-08-29,Central,Office Supplies,78.04
2018-08-31,West,Office Supplies,375.67999999999995
2018-08-31,West,Technology,689.408
2018-08-31,West,Furniture,569.568
2018-08-31,South,Office Supplies,229.544
2018-08-31,Central,Office Supplies,638.73
2018-08-31,South,Technology,659.9
2018-09-01,Central,Furniture,498.26
2018-09-01,East,Furniture,114.9
2018-09-01,West,Furniture,283.56
2018-09-01,West,Office Supplies,345.1
2018-09-01,West,Technology,19.99
2018-09-02,West,Technology,201.584
2018-09-02,West,Office Supplies,120.386
2018-09-02,West,Furniture,452.504
2018-09-02,South,Office Supplies,1577.94
2018-09-02,East,Office Supplies,353.284
2018-09-02,East,Furniture,1563.5480000000002
2018-09-02,Central,Technology,3169.2599999999998
2018-09-02,Central,Office Supplies,609.8879999999999
2018-09-02,East,Technology,603.94
2018-09-03,West,Furniture,239.666
2018-09-03,West,Technology,284.97
2018-09-03,West,Office Supplies,88.52
2018-09-03,South,Office Supplies,24.448
2018-09-03,Central,Technology,100.8
2018-09-03,East,Furniture,272.565
2018-09-03,Central,Furniture,108.4
2018-09-03,East,Office Supplies,424.96
2018-09-03,Central,Office Supplies,51.519999999999996
2018-09-04,West,Technology,48.736000000000004
2018-09-04,Central,Furniture,825.174
2018-09-04,Central,Office Supplies,95.152
2018-09-04,East,Office Supplies,64.524
2018-09-04,East,Technology,111.0
2018-09-04,South,Furniture,97.184
2018-09-04,South,Office Supplies,10.368
2018-09-04,West,Furniture,2800.624
2018-09-04,West,Office Supplies,1307.44
2018-09-05,West,Office Supplies,2.78
2018-09-05,South,Technology,89.568
2018-09-05,South,Office Supplies,234.696
2018-09-07,Central,Furniture,135.3
2018-09-07,Central,Office Supplies,1650.948
2018-09-07,Central,Technology,127.0
2018-09-07,East,Office Supplies,584.6279999999999
2018-09-07,South,Office Supplies,81.568
2018-09-07,West,Furniture,335.38800000000003
2018-09-07,West,Office Supplies,71.517
2018-09-07,West,Technology,862.216
2018-09-08,South,Technology,158.376
2018-09-08,South,Office Supplies,61.68
2018-09-08,East,Technology,384.456
2018-09-08,Central,Furniture,1000.239
2018-09-08,Central,Technology,405.18399999999997
2018-09-08,Central,Office Supplies,109.272
2018-09-08,East,Office Supplies,65.12
2018-09-09,West,Technology,159.96
2018-09-09,West,Office Supplies,202.598
2018-09-09,West,Furniture,243.92
2018-09-09,South,Office Supplies,1130.108
2018-09-09,East,Furniture,224.508
2018-09-09,East,Technology,2286.534
2018-09-09,East,Office Supplies,66.961
2018-09-09,Central,Office Supplies,27.336
2018-09-09,South,Furniture,14.136
2018-09-10,West,Furniture,362.352
2018-09-10,Central,Office Supplies,1161.864
2018-09-10,Central,Technology,556.818
2018-09-10,East,Office Supplies,118.696
2018-09-10,East,Technology,296.952
2018-09-10,South,Office Supplies,2.78
2018-09-10,West,Office Supplies,7.184
2018-09-11,West,Furniture,2264.2
2018-09-11,West,Office Supplies,2023.8600000000001
2018-09-11,South,Office Supplies,462.44
2018-09-11,West,Technology,223.91199999999998
2018-09-11,Central,Office Supplies,42.9
2018-09-11,Central,Furniture,512.19
2018-09-11,South,Furniture,34.504
2018-09-12,West,Office Supplies,166.44
2018-09-12,East,Office Supplies,316.75
2018-09-12,West,Furniture,8.36
2018-09-13,South,Office Supplies,15.92
2018-09-14,Central,Office Supplies,19.05
2018-09-14,East,Furniture,830.718
2018-09-14,East,Office Supplies,214.19400000000002
2018-09-14,East,Technology,1333.605
2018-09-14,South,Office Supplies,1017.136
2018-09-14,West,Office Supplies,56.7
2018-09-15,West,Technology,369.544
2018-09-15,West,Office Supplies,2875.912
2018-09-15,West,Furniture,1233.908
2018-09-15,South,Office Supplies,163.96
2018-09-15,Central,Technology,323.976
2018-09-15,East,Office Supplies,379.34
2018-09-15,East,Furniture,1378.8600000000001
2018-09-15,Central,Office Supplies,63.616
2018-09-15,East,Technology,495.91
2018-09-16,East,Technology,119.96000000000001
2018-09-16,West,Office Supplies,32.7
2018-09-16,East,Office Supplies,582.9179999999999
2018-09-16,Central,Technology,55.992
2018-09-16,Central,Office Supplies,17.568
2018-09-16,East,Furniture,22.512
2018-09-17,Central,Furniture,318.43
2018-09-17,Central,Office Supplies,15.712
2018-09-17,Central,Technology,1415.76
2018-09-17,East,Office Supplies,34.05
2018-09-17,East,Technology,480.0
2018-09-17,South,Furniture,723.92
2018-09-17,South,Office Supplies,106.32
2018-09-17,West,Furniture,1292.94
2018-09-17,West,Office Supplies,502.124
2018-09-17,West,Technology,89.97
2018-09-18,South,Technology,507.66
2018-09-18,West,Technology,101.34
2018-09-18,West,Office Supplies,173.46
2018-09-18,South,Office Supplies,469.85
2018-09-18,South,Furniture,20.32
2018-09-18,East,Office Supplies,19.44
2018-09-18,East,Furniture,9.82
2018-09-18,Central,Office Supplies,210.04
2018-09-19,East,Office Supplies,37.242
2018-09-19,South,Office Supplies,131.016
2018-09-19,West,Furniture,481.804
2018-09-19,West,Office Supplies,94.696
2018-09-19,West,Technology,903.4300000000001
2018-09-20,East,Technology,1749.92
2018-09-20,East,Office Supplies,113.824
2018-09-20,East,Furniture,5496.174
2018-09-21,Central,Office Supplies,20.16
2018-09-21,East,Office Supplies,1.908
2018-09-21,South,Office Supplies,92.774
2018-09-21,West,Office Supplies,71.37
2018-09-21,West,Technology,151.96
2018-09-22,West,Office Supplies,49.14
2018-09-22,South,Technology,34.95
2018-09-22,South,Office Supplies,722.86
2018-09-22,East,Technology,1542.964
2018-09-22,Central,Furniture,241.96
2018-09-22,East,Furniture,12.07
2018-09-22,Central,Technology,185.13
2018-09-22,Central,Office Supplies,305.22
2018-09-22,East,Office Supplies,4776.919
2018-09-23,Central,Office Supplies,103.16
2018-09-23,Central,Technology,331.94399999999996
2018-09-23,South,Office Supplies,264.59999999999997
2018-09-23,South,Technology,199.95
2018-09-23,West,Furniture,804.732
2018-09-23,West,Office Supplies,643.4159999999999
2018-09-23,West,Technology,47.984
2018-09-24,West,Office Supplies,38.379999999999995
2018-09-24,West,Technology,1365.48
2018-09-24,South,Technology,491.74
2018-09-24,South,Office Supplies,388.774
2018-09-24,West,Furniture,199.8
2018-09-24,East,Furniture,103.056
2018-09-24,Central,Technology,727.9
2018-09-24,East,Technology,1999.524
2018-09-24,Central,Office Supplies,11.424
2018-09-24,Central,Furniture,1124.384
2018-09-25,West,Office Supplies,39.9
2018-09-25,South,Office Supplies,177.55
2018-09-25,East,Technology,119.96
2018-09-25,East,Office Supplies,260.80699999999996
2018-09-25,East,Furniture,535.766
2018-09-25,Central,Office Supplies,8.26
2018-09-25,Central,Furniture,269.97
2018-09-26,South,Furniture,419.136
2018-09-26,West,Furniture,9.24
2018-09-26,West,Office Supplies,1058.2
2018-09-28,West,Office Supplies,448.104
2018-09-28,West,Furniture,42.016000000000005
2018-09-28,West,Technology,54.384
2018-09-28,East,Office Supplies,2.655
2018-09-28,Central,Office Supplies,1.744
2018-09-28,South,Office Supplies,10.368
2018-09-29,Central,Office Supplies,35.936
2018-09-29,Central,Technology,336.51
2018-09-29,East,Furniture,429.154
2018-09-29,East,Office Supplies,158.038
2018-09-29,East,Technology,239.976
2018-09-29,South,Office Supplies,243.92
2018-09-29,West,Furniture,124.534
2018-09-29,West,Office Supplies,278.712
2018-09-30,West,Technology,159.98
2018-09-30,West,Office Supplies,183.58999999999997
2018-09-30,Central,Office Supplies,11.646
2018-09-30,East,Office Supplies,185.54399999999998
2018-10-01,Central,Office Supplies,111.52199999999999
2018-10-01,East,Technology,1704.89
2018-10-01,West,Furniture,559.76
2018-10-01,West,Office Supplies,497.544
2018-10-01,West,Technology,104.75
2018-10-02,West,Furniture,235.22400000000002
2018-10-02,West,Office Supplies,1853.054
2018-10-02,West,Technology,453.944
2018-10-02,South,Office Supplies,82.332
2018-10-02,Central,Office Supplies,155.118
2018-10-02,East,Technology,65.99
2018-10-02,Central,Furniture,157.74
2018-10-02,South,Furniture,2365.5
2018-10-02,East,Office Supplies,49.12
2018-10-03,Central,Office Supplies,1814.6200000000001
2018-10-03,East,Furniture,83.92
2018-10-03,East,Office Supplies,29.209999999999997
2018-10-03,East,Technology,371.97
2018-10-03,South,Office Supplies,33.472
2018-10-03,West,Furniture,171.288
2018-10-04,East,Furniture,19.98
2018-10-05,East,Furniture,221.382
2018-10-05,East,Office Supplies,75.792
2018-10-05,East,Technology,5448.6900000000005
2018-10-05,West,Furniture,714.4200000000001
2018-10-05,West,Office Supplies,152.516
2018-10-05,West,Technology,71.816
2018-10-06,West,Office Supplies,265.78
2018-10-06,West,Furniture,41.96
2018-10-06,East,Technology,319.96
2018-10-06,East,Office Supplies,553.12
2018-10-07,Central,Office Supplies,89.75999999999999
2018-10-07,South,Furniture,154.764
2018-10-07,South,Office Supplies,650.062
2018-10-07,South,Technology,222.384
2018-10-07,West,Furniture,307.666
2018-10-07,West,Technology,1324.574
2018-10-08,East,Office Supplies,42.76
2018-10-08,East,Furniture,145.764
2018-10-08,West,Office Supplies,40.68
2018-10-08,West,Technology,379.152
2018-10-09,East,Office Supplies,50.036
2018-10-09,East,Furniture,360.23999999999995
2018-10-09,South,Office Supplies,10.816
2018-10-09,Central,Furniture,973.153
2018-10-09,Central,Office Supplies,67.144
2018-10-09,West,Office Supplies,35.2
2018-10-10,Central,Furniture,239.358
2018-10-12,West,Office Supplies,187.592
2018-10-12,South,Office Supplies,7.968
2018-10-12,West,Technology,1031.83
2018-10-12,East,Technology,45.0
2018-10-12,Central,Technology,1201.408
2018-10-12,East,Furniture,2868.724
2018-10-12,Central,Furniture,254.604
2018-10-12,East,Office Supplies,17.9
2018-10-12,Central,Office Supplies,10.368
2018-10-13,Central,Furniture,10.476
2018-10-13,Central,Office Supplies,160.096
2018-10-13,East,Office Supplies,1019.276
2018-10-13,South,Furniture,1504.52
2018-10-13,South,Office Supplies,385.55
2018-10-13,West,Office Supplies,5083.96
2018-10-13,West,Technology,241.924
2018-10-14,West,Technology,46.36
2018-10-14,West,Furniture,9.46
2018-10-14,Central,Office Supplies,40.852000000000004
2018-10-14,East,Office Supplies,37.66
2018-10-15,East,Office Supplies,13.05
2018-10-15,West,Furniture,532.96
2018-10-15,West,Office Supplies,471.93
2018-10-16,West,Office Supplies,307.776
2018-10-16,West,Technology,599.985
2018-10-16,South,Technology,18.528
2018-10-16,South,Office Supplies,124.75
2018-10-16,South,Furniture,1875.258
2018-10-16,East,Furniture,547.3
2018-10-17,East,Office Supplies,62.92
2018-10-17,West,Office Supplies,10.64
2018-10-17,West,Technology,52.792
2018-10-19,West,Office Supplies,80.084
2018-10-19,West,Furniture,54.928
2018-10-19,South,Office Supplies,1633.188
2018-10-19,East,Technology,309.576
2018-10-19,East,Furniture,56.56
2018-10-19,Central,Technology,16.68
2018-10-19,Central,Office Supplies,31.544
2018-10-19,Central,Furniture,419.67420000000004
2018-10-19,East,Office Supplies,179.636
2018-10-20,South,Technology,15.984
2018-10-20,West,Office Supplies,24.678
2018-10-20,South,Furniture,43.936
2018-10-20,East,Office Supplies,735.486
2018-10-20,East,Furniture,284.364
2018-10-20,South,Office Supplies,229.41
2018-10-21,Central,Furniture,262.11
2018-10-21,Central,Office Supplies,993.832
2018-10-21,Central,Technology,1439.92
2018-10-21,East,Office Supplies,243.22400000000002
2018-10-21,East,Technology,329.988
2018-10-21,South,Furniture,729.648
2018-10-21,South,Office Supplies,17.856
2018-10-21,West,Furniture,478.48
2018-10-21,West,Office Supplies,13.742999999999999
2018-10-21,West,Technology,28.4
2018-10-22,West,Office Supplies,3.168
2018-10-22,West,Furniture,756.361
2018-10-22,East,Technology,13685.258
2018-10-22,Central,Office Supplies,369.53
2018-10-22,Central,Furniture,248.98
2018-10-22,East,Office Supplies,95.58
2018-10-23,South,Technology,863.88
2018-10-23,Central,Office Supplies,296.454
2018-10-23,Central,Technology,879.1600000000001
2018-10-23,East,Furniture,1193.4
2018-10-23,East,Office Supplies,83.62
2018-10-23,East,Technology,35.88
2018-10-24,Central,Furniture,517.405
2018-10-24,South,Office Supplies,11.68
2018-10-26,East,Technology,180.192
2018-10-26,East,Office Supplies,129.48
2018-10-26,South,Furniture,356.85
2018-10-26,Central,Office Supplies,61.775999999999996
2018-10-26,Central,Technology,19.99
2018-10-26,South,Office Supplies,251.58
2018-10-27,West,Furniture,746.241
2018-10-27,West,Office Supplies,44.784
2018-10-27,West,Technology,167.8
2018-10-27,South,Office Supplies,68.967
2018-10-27,Central,Office Supplies,31.344
2018-10-27,Central,Technology,27.184
2018-10-28,Central,Office Supplies,15.552
2018-10-28,Central,Technology,50.176
2018-10-28,East,Office Supplies,69.91
2018-10-28,South,Furniture,77.952
2018-10-28,South,Office Supplies,195.136
2018-10-29,East,Office Supplies,46.96
2018-10-30,West,Office Supplies,1875.956
2018-10-30,West,Furniture,993.4520000000001
2018-10-30,South,Office Supplies,171.04000000000002
2018-10-30,South,Furniture,33.94
2018-10-30,West,Technology,148.48
2018-10-30,East,Office Supplies,31.904
2018-10-30,East,Furniture,7.168
2018-10-30,Central,Office Supplies,54.192
2018-10-30,Central,Furniture,267.198
2018-10-30,East,Technology,442.4
2018-10-31,Central,Technology,508.768
2018-10-31,Central,Office Supplies,15.16
2018-11-01,East,Office Supplies,230.69
2018-11-01,West,Furniture,2665.62
2018-11-01,West,Office Supplies,25.12
2018-11-02,Central,Office Supplies,196.016
2018-11-02,East,Office Supplies,413.584
2018-11-02,East,Technology,859.2
2018-11-02,South,Furniture,975.92
2018-11-02,South,Office Supplies,70.8
2018-11-02,South,Technology,2249.91
2018-11-02,West,Furniture,25.02
2018-11-02,West,Office Supplies,1345.252
2018-11-02,East,Furniture,158.68400000000003
2018-11-03,South,Technology,1321.3600000000001
2018-11-03,West,Office Supplies,194.108
2018-11-03,West,Furniture,2508.058
2018-11-03,West,Technology,243.25
2018-11-03,South,Office Supplies,125.82
2018-11-03,East,Technology,40.776
2018-11-03,East,Office Supplies,11.673
2018-11-03,Central,Office Supplies,75.9
2018-11-03,South,Furniture,15.992
2018-11-04,Central,Office Supplies,89.52000000000001
2018-11-04,East,Office Supplies,194.352
2018-11-04,East,Technology,70.72
2018-11-04,South,Furniture,523.764
2018-11-04,South,Office Supplies,189.896
2018-11-04,South,Technology,9599.844
2018-11-05,West,Technology,159.99
2018-11-05,West,Office Supplies,259.34
2018-11-05,East,Technology,490.73
2018-11-05,Central,Office Supplies,256.18
2018-11-05,East,Furniture,396.024
2018-11-05,Central,Technology,492.768
2018-11-05,East,Office Supplies,300.032
2018-11-06,West,Furniture,2495.158
2018-11-06,West,Office Supplies,199.742
2018-11-06,West,Technology,125.91
2018-11-06,South,Office Supplies,808.876
2018-11-06,Central,Office Supplies,59.688
2018-11-06,East,Office Supplies,413.17199999999997
2018-11-06,East,Furniture,127.372
2018-11-06,Central,Furniture,30.56
2018-11-06,South,Furniture,28.272
2018-11-07,Central,Office Supplies,38.16
2018-11-07,East,Furniture,623.322
2018-11-07,East,Office Supplies,100.94
2018-11-07,East,Technology,367.85
2018-11-07,West,Office Supplies,21.792
2018-11-07,West,Technology,1261.314
2018-11-08,East,Furniture,274.2
2018-11-08,East,Office Supplies,109.9
2018-11-09,West,Furniture,786.488
2018-11-09,West,Office Supplies,63.56
2018-11-09,South,Technology,691.144
2018-11-09,West,Technology,99.99
2018-11-09,East,Office Supplies,2187.1600000000003
2018-11-09,East,Furniture,96.53
2018-11-09,East,Technology,826.62
2018-11-10,West,Technology,649.32
2018-11-10,West,Office Supplies,502.13199999999995
2018-11-10,West,Furniture,1140.56
2018-11-10,East,Office Supplies,931.176
2018-11-10,East,Technology,430.88
2018-11-10,South,Office Supplies,11.52
2018-11-10,Central,Furniture,341.96
2018-11-11,Central,Office Supplies,300.29600000000005
2018-11-11,Central,Technology,35.184
2018-11-11,East,Office Supplies,45.848
2018-11-11,South,Furniture,88.92
2018-11-11,South,Office Supplies,1158.12
2018-11-11,West,Furniture,34.92
2018-11-11,West,Office Supplies,151.93
2018-11-12,West,Technology,783.856
2018-11-12,West,Office Supplies,200.716
2018-11-12,West,Furniture,227.45600000000002
2018-11-12,South,Office Supplies,26.72
2018-11-12,Central,Technology,112.77600000000001
2018-11-12,East,Office Supplies,247.792
2018-11-12,Central,Office Supplies,899.8960000000001
2018-11-12,Central,Furniture,22.848
2018-11-12,East,Technology,389.32599999999996
2018-11-13,South,Technology,239.92
2018-11-13,West,Technology,104.95
2018-11-13,West,Office Supplies,916.5740000000001
2018-11-13,West,Furniture,2404.704
2018-11-13,South,Office Supplies,731.0319999999999
2018-11-13,Central,Office Supplies,301.492
2018-11-13,East,Office Supplies,22.43
2018-11-13,East,Furniture,154.95
2018-11-13,Central,Furniture,205.9992
2018-11-13,East,Technology,1551.3690000000001
2018-11-14,Central,Office Supplies,82.31
2018-11-14,Central,Technology,167.952
2018-11-14,East,Office Supplies,108.648
2018-11-14,East,Technology,119.94
2018-11-14,West,Furniture,321.568
2018-11-14,West,Office Supplies,34.24
2018-11-15,South,Furniture,559.2
2018-11-16,West,Office Supplies,990.47
2018-11-16,West,Technology,2027.8560000000002
2018-11-16,West,Furniture,289.59
2018-11-16,East,Technology,1212.322
2018-11-16,East,Office Supplies,234.99599999999998
2018-11-17,Central,Furniture,327.7328
2018-11-17,Central,Technology,239.96
2018-11-17,East,Furniture,187.76
2018-11-17,East,Office Supplies,1381.2600000000002
2018-11-17,East,Technology,10499.97
2018-11-17,South,Office Supplies,303.28000000000003
2018-11-17,South,Technology,431.16
2018-11-17,West,Office Supplies,37.67
2018-11-18,West,Technology,132.52
2018-11-18,West,Office Supplies,277.028
2018-11-18,South,Office Supplies,600.184
2018-11-18,Central,Furniture,152.966
2018-11-18,East,Office Supplies,38.864
2018-11-18,Central,Office Supplies,193.244
2018-11-18,East,Technology,74.95
2018-11-19,West,Furniture,18.7
2018-11-19,West,Technology,31.968
2018-11-19,West,Office Supplies,305.01
2018-11-19,South,Office Supplies,69.98
2018-11-19,Central,Furniture,1682.6109999999999
2018-11-19,East,Office Supplies,2694.441
2018-11-19,East,Furniture,79.974
2018-11-19,Central,Office Supplies,1692.708
2018-11-19,South,Furniture,821.88
2018-11-20,West,Furniture,326.52000000000004
2018-11-20,Central,Office Supplies,22.0
2018-11-20,East,Furniture,317.19399999999996
2018-11-20,East,Office Supplies,115.72999999999999
2018-11-20,East,Technology,1832.93
2018-11-20,South,Furniture,237.14800000000002
2018-11-20,South,Office Supplies,52.696
2018-11-20,West,Office Supplies,84.056
2018-11-21,West,Technology,1699.9679999999998
2018-11-21,West,Furniture,70.98
2018-11-21,West,Office Supplies,334.896
2018-11-21,East,Furniture,27.42
2018-11-21,East,Office Supplies,47.744
2018-11-21,Central,Technology,55.176
2018-11-22,Central,Office Supplies,35.712
2018-11-23,Central,Furniture,162.649
2018-11-23,Central,Office Supplies,435.184
2018-11-23,Central,Technology,418.344
2018-11-23,East,Furniture,24.048
2018-11-23,East,Office Supplies,7.476
2018-11-23,South,Office Supplies,3.304
2018-11-23,South,Technology,102.104
2018-11-24,West,Furniture,435.168
2018-11-24,South,Technology,79.1
2018-11-24,South,Office Supplies,1870.209
2018-11-24,West,Office Supplies,472.136
2018-11-24,East,Office Supplies,432.72400000000005
2018-11-24,East,Furniture,1298.8600000000001
2018-11-24,Central,Office Supplies,57.876
2018-11-24,East,Technology,89.988
2018-11-25,West,Technology,39.96
2018-11-25,West,Furniture,359.499
2018-11-25,South,Office Supplies,48.87
2018-11-25,West,Office Supplies,49.72
2018-11-25,Central,Technology,299.96
2018-11-25,Central,Office Supplies,588.338
2018-11-25,Central,Furniture,853.93
2018-11-25,South,Furniture,1425.88
2018-11-26,Central,Furniture,1240.3
2018-11-26,Central,Office Supplies,33.568
2018-11-26,Central,Technology,2007.98
2018-11-26,East,Furniture,135.3
2018-11-26,East,Office Supplies,417.48199999999997
2018-11-26,East,Technology,1200.702
2018-11-26,South,Office Supplies,12.84
2018-11-27,West,Technology,223.728
2018-11-27,West,Office Supplies,362.038
2018-11-27,South,Office Supplies,52.344
2018-11-27,West,Furniture,18.84
2018-11-27,Central,Technology,143.73
2018-11-27,Central,Office Supplies,656.22
2018-11-27,Central,Furniture,46.94
2018-11-27,East,Office Supplies,114.414
2018-11-28,East,Furniture,4659.14
2018-11-28,East,Office Supplies,122.496
2018-11-28,East,Technology,1979.89
2018-11-28,West,Office Supplies,151.418
2018-11-29,South,Furniture,491.888
2018-11-30,West,Furniture,25.83
2018-11-30,South,Technology,455.952
2018-11-30,South,Office Supplies,173.8
2018-11-30,South,Furniture,1781.682
2018-11-30,Central,Technology,95.976
2018-11-30,East,Office Supplies,1241.3980000000001
2018-11-30,East,Furniture,2322.2160000000003
2018-11-30,Central,Office Supplies,2.368
2018-11-30,East,Technology,546.06
2018-12-01,West,Technology,982.328
2018-12-01,West,Office Supplies,692.443
2018-12-01,West,Furniture,842.28
2018-12-01,East,Technology,83.328
2018-12-01,Central,Technology,351.78
2018-12-01,East,Furniture,1382.954
2018-12-01,Central,Office Supplies,254.488
2018-12-01,Central,Furniture,317.058
2018-12-01,East,Office Supplies,424.519
2018-12-02,West,Technology,146.968
2018-12-02,West,Office Supplies,1255.662
2018-12-02,West,Furniture,2816.792
2018-12-02,South,Office Supplies,161.046
2018-12-02,South,Furniture,701.96
2018-12-02,East,Technology,1131.138
2018-12-02,Central,Technology,2479.96
2018-12-02,Central,Office Supplies,306.78000000000003
2018-12-02,Central,Furniture,8.752
2018-12-02,East,Office Supplies,942.124
2018-12-03,South,Technology,47.992
2018-12-03,West,Office Supplies,237.424
2018-12-03,West,Furniture,578.248
2018-12-03,West,Technology,179.088
2018-12-03,South,Office Supplies,98.446
2018-12-03,East,Office Supplies,101.694
2018-12-03,Central,Furniture,13.592
2018-12-03,East,Technology,136.99
2018-12-03,Central,Office Supplies,10.368
2018-12-04,Central,Office Supplies,70.368
2018-12-04,Central,Technology,542.75
2018-12-04,East,Furniture,992.782
2018-12-04,East,Office Supplies,117.01
2018-12-04,East,Technology,255.968
2018-12-04,South,Technology,649.0
2018-12-04,West,Office Supplies,11.76
2018-12-05,West,Technology,31.176
2018-12-05,West,Office Supplies,398.7
2018-12-05,West,Furniture,199.9
2018-12-05,East,Technology,205.03
2018-12-05,Central,Technology,99.39
2018-12-05,East,Furniture,121.58
2018-12-05,Central,Office Supplies,100.34
2018-12-05,East,Office Supplies,297.02
2018-12-06,West,Office Supplies,10.68
2018-12-07,West,Office Supplies,50.04
2018-12-07,West,Technology,374.376
2018-12-07,South,Technology,52.0
2018-12-07,East,Technology,127.984
2018-12-07,South,Furniture,82.38
2018-12-07,Central,Office Supplies,1909.094
2018-12-07,South,Office Supplies,320.64
2018-12-08,West,Technology,1379.9260000000002
2018-12-08,West,Office Supplies,524.134
2018-12-08,West,Furniture,2583.321
2018-12-08,East,Office Supplies,930.288
2018-12-08,East,Technology,83.988
2018-12-08,Central,Technology,178.11
2018-12-08,Central,Office Supplies,1178.33
2018-12-08,Central,Furniture,459.92
2018-12-08,East,Furniture,325.024
2018-12-09,South,Technology,1546.43
2018-12-09,West,Technology,444.768
2018-12-09,West,Office Supplies,632.5649999999999
2018-12-09,West,Furniture,1044.585
2018-12-09,South,Office Supplies,281.08000000000004
2018-12-09,Central,Technology,104.88
2018-12-09,East,Office Supplies,108.496
2018-12-09,Central,Office Supplies,424.938
2018-12-09,Central,Furniture,882.648
2018-12-10,West,Technology,144.92000000000002
2018-12-10,West,Office Supplies,441.604
2018-12-10,West,Furniture,1669.6
2018-12-10,South,Technology,638.94
2018-12-10,South,Office Supplies,45.84
2018-12-10,East,Technology,14.2
2018-12-10,East,Office Supplies,451.29100000000005
2018-12-10,East,Furniture,398.8
2018-12-10,Central,Office Supplies,34.5
2018-12-10,South,Furniture,33.864
2018-12-11,East,Technology,285.81
2018-12-11,South,Technology,73.568
2018-12-11,South,Office Supplies,13.584
2018-12-11,South,Furniture,786.659
2018-12-11,East,Office Supplies,62.792
2018-12-11,East,Furniture,63.686
2018-12-11,Central,Technology,116.312
2018-12-11,Central,Office Supplies,24.44
2018-12-11,Central,Furniture,598.1840000000001
2018-12-13,East,Furniture,287.976
2018-12-13,West,Furniture,201.04
2018-12-13,West,Office Supplies,91.92000000000002
2018-12-14,Central,Furniture,1299.7
2018-12-14,Central,Office Supplies,95.232
2018-12-14,Central,Technology,319.92
2018-12-14,East,Furniture,526.582
2018-12-14,East,Office Supplies,116.84
2018-12-14,East,Technology,1199.98
2018-12-14,South,Technology,204.55
2018-12-14,West,Furniture,26.25
2018-12-14,West,Office Supplies,108.66
2018-12-15,West,Office Supplies,77.15
2018-12-15,West,Technology,196.776
2018-12-15,West,Furniture,22.77
2018-12-15,Central,Office Supplies,10.192
2018-12-16,Central,Office Supplies,10.8
2018-12-16,East,Office Supplies,33.376
2018-12-16,West,Furniture,197.712
2018-12-16,West,Office Supplies,276.914
2018-12-16,West,Technology,339.9
2018-12-17,Central,Office Supplies,127.004
2018-12-17,East,Furniture,124.36
2018-12-17,East,Office Supplies,191.536
2018-12-17,South,Furniture,504.9
2018-12-17,South,Office Supplies,544.38
2018-12-17,West,Office Supplies,535.578
2018-12-18,West,Technology,119.98
2018-12-18,West,Furniture,119.833
2018-12-18,South,Office Supplies,12.672
2018-12-18,West,Office Supplies,104.422
2018-12-18,East,Furniture,1160.8980000000001
2018-12-18,Central,Technology,29.34
2018-12-18,Central,Furniture,99.95
2018-12-18,East,Office Supplies,1998.8159999999998
2018-12-19,South,Office Supplies,1665.62
2018-12-19,West,Furniture,115.378
2018-12-19,West,Office Supplies,114.928
2018-12-20,East,Office Supplies,377.736
2018-12-21,West,Office Supplies,1136.8899999999999
2018-12-21,South,Technology,71.0
2018-12-21,South,Office Supplies,23.88
2018-12-21,East,Office Supplies,235.94
2018-12-21,Central,Office Supplies,375.34
2018-12-21,Central,Furniture,15.92
2018-12-21,East,Technology,281.97
2018-12-22,South,Office Supplies,116.352
2018-12-22,West,Technology,541.99
2018-12-22,West,Office Supplies,59.94
2018-12-22,West,Furniture,182.55
2018-12-22,South,Technology,46.864
2018-12-22,South,Furniture,1076.916
2018-12-22,East,Office Supplies,696.8009999999999
2018-12-22,East,Furniture,220.98
2018-12-22,Central,Technology,284.94
2018-12-22,Central,Office Supplies,978.7199999999999
2018-12-22,Central,Furniture,2606.01
2018-12-22,East,Technology,629.958
2018-12-23,Central,Office Supplies,247.69600000000003
2018-12-23,East,Furniture,209.41
2018-12-23,South,Furniture,72.704
2018-12-23,South,Office Supplies,888.516
2018-12-23,South,Technology,494.97
2018-12-23,West,Office Supplies,13.48
2018-12-24,West,Furniture,850.92
2018-12-24,West,Technology,2879.952
2018-12-24,West,Office Supplies,1115.412
2018-12-24,South,Technology,479.97
2018-12-24,East,Office Supplies,99.90599999999999
2018-12-24,East,Furniture,309.694
2018-12-24,Central,Office Supplies,264.32
2018-12-24,South,Furniture,232.88
2018-12-25,Central,Office Supplies,160.162
2018-12-25,East,Furniture,507.004
2018-12-25,East,Office Supplies,52.334999999999994
2018-12-25,East,Technology,190.728
2018-12-25,South,Furniture,325.45
2018-12-25,South,Office Supplies,824.74
2018-12-25,South,Technology,210.48000000000002
2018-12-25,West,Office Supplies,428.028
2018-12-26,Central,Office Supplies,811.462
2018-12-26,East,Office Supplies,3.132
2018-12-27,East,Office Supplies,13.248
2018-12-27,East,Technology,164.388
2018-12-28,South,Office Supplies,64.784
2018-12-28,East,Technology,14.85
2018-12-28,West,Furniture,348.104
2018-12-28,Central,Office Supplies,57.227999999999994
2018-12-28,Central,Furniture,203.1528
2018-12-28,East,Office Supplies,119.674
2018-12-28,West,Office Supplies,849.558
2018-12-29,West,Furniture,563.148
2018-12-29,West,Office Supplies,19.6
2018-12-29,South,Office Supplies,47.11
2018-12-29,West,Technology,302.376
2018-12-29,East,Office Supplies,6.03
2018-12-29,Central,Office Supplies,209.7
2018-12-29,South,Furniture,1767.57
2018-12-30,East,Office Supplies,52.776
2018-12-30,East,Technology,90.93
2018-12-30,Central,Office Supplies,209.3
2018-12-30,East,Furniture,323.136
2018-12-30,West,Office Supplies,37.647999999999996
